:START_ID,:END_ID,relation,:TYPE
10001,30016,类型,类型
10001,30024,类型,类型
10001,30015,类型,类型
10001,30004,类型,类型
10002,30002,类型,类型
10002,30024,类型,类型
10002,30029,类型,类型
10003,30002,类型,类型
10003,30016,类型,类型
10003,30024,类型,类型
10004,30016,类型,类型
10004,30018,类型,类型
10005,30002,类型,类型
10006,30016,类型,类型
10007,30006,类型,类型
10007,30026,类型,类型
10007,30009,类型,类型
10008,30016,类型,类型
10009,30002,类型,类型
10009,30016,类型,类型
10010,30002,类型,类型
10010,30024,类型,类型
10010,30015,类型,类型
10010,30004,类型,类型
10011,30002,类型,类型
10011,30016,类型,类型
10012,30002,类型,类型
10012,30016,类型,类型
10013,30002,类型,类型
10013,30021,类型,类型
10013,30010,类型,类型
10014,30024,类型,类型
10014,30010,类型,类型
10015,30002,类型,类型
10015,30024,类型,类型
10015,30001,类型,类型
10015,30022,类型,类型
10016,30007,类型,类型
10016,30013,类型,类型
10017,30016,类型,类型
10017,30027,类型,类型
10018,30002,类型,类型
10018,30016,类型,类型
10019,30002,类型,类型
10019,30024,类型,类型
10019,30001,类型,类型
10019,30022,类型,类型
10020,30002,类型,类型
10020,30006,类型,类型
10020,30010,类型,类型
10021,30002,类型,类型
10021,30006,类型,类型
10022,30016,类型,类型
10022,30009,类型,类型
10023,30002,类型,类型
10023,30014,类型,类型
10024,30002,类型,类型
10024,30016,类型,类型
10025,30024,类型,类型
10025,30015,类型,类型
10025,30009,类型,类型
10025,30001,类型,类型
10025,30022,类型,类型
10026,30002,类型,类型
10026,30006,类型,类型
10026,30015,类型,类型
10027,30002,类型,类型
10027,30006,类型,类型
10028,30002,类型,类型
10028,30006,类型,类型
10029,30016,类型,类型
10029,30006,类型,类型
10029,30009,类型,类型
10030,30002,类型,类型
10030,30009,类型,类型
10031,30006,类型,类型
10031,30009,类型,类型
10032,30016,类型,类型
10032,30006,类型,类型
10032,30009,类型,类型
10033,30016,类型,类型
10033,30006,类型,类型
10034,30002,类型,类型
10034,30024,类型,类型
10035,30024,类型,类型
10035,30010,类型,类型
10036,30006,类型,类型
10036,30026,类型,类型
10037,30026,类型,类型
10037,30009,类型,类型
10038,30002,类型,类型
10038,30024,类型,类型
10038,30009,类型,类型
10039,30002,类型,类型
10039,30015,类型,类型
10039,30004,类型,类型
10040,30002,类型,类型
10040,30015,类型,类型
10040,30004,类型,类型
10041,30024,类型,类型
10041,30015,类型,类型
10041,30004,类型,类型
10042,30016,类型,类型
10042,30027,类型,类型
10043,30002,类型,类型
10044,30024,类型,类型
10044,30018,类型,类型
10045,30016,类型,类型
10045,30024,类型,类型
10046,30002,类型,类型
10046,30024,类型,类型
10046,30004,类型,类型
10047,30024,类型,类型
10047,30004,类型,类型
10048,30016,类型,类型
10048,30024,类型,类型
10048,30004,类型,类型
10049,30016,类型,类型
10049,30009,类型,类型
10050,30002,类型,类型
10050,30006,类型,类型
10051,30006,类型,类型
10051,30029,类型,类型
10052,30024,类型,类型
10052,30009,类型,类型
10053,30016,类型,类型
10053,30026,类型,类型
10053,30009,类型,类型
10054,30015,类型,类型
10054,30007,类型,类型
10054,30009,类型,类型
10055,30016,类型,类型
10055,30024,类型,类型
10055,30009,类型,类型
10056,30002,类型,类型
10056,30015,类型,类型
10056,30004,类型,类型
10057,30002,类型,类型
10057,30004,类型,类型
10058,30016,类型,类型
10058,30024,类型,类型
10059,30002,类型,类型
10060,30016,类型,类型
10060,30024,类型,类型
10060,30006,类型,类型
10060,30009,类型,类型
10061,30016,类型,类型
10061,30026,类型,类型
10061,30029,类型,类型
10062,30016,类型,类型
10062,30009,类型,类型
10063,30002,类型,类型
10063,30004,类型,类型
10064,30002,类型,类型
10064,30024,类型,类型
10065,30016,类型,类型
10065,30006,类型,类型
10065,30009,类型,类型
10066,30002,类型,类型
10066,30004,类型,类型
10067,30002,类型,类型
10067,30014,类型,类型
10068,30002,类型,类型
10068,30024,类型,类型
10068,30018,类型,类型
10069,30016,类型,类型
10069,30009,类型,类型
10069,30001,类型,类型
10070,30002,类型,类型
10070,30024,类型,类型
10070,30010,类型,类型
10071,30002,类型,类型
10071,30014,类型,类型
10072,30002,类型,类型
10072,30006,类型,类型
10073,30002,类型,类型
10073,30030,类型,类型
10074,30016,类型,类型
10074,30014,类型,类型
10075,30002,类型,类型
10076,30002,类型,类型
10076,30024,类型,类型
10076,30004,类型,类型
10077,30016,类型,类型
10077,30024,类型,类型
10078,30024,类型,类型
10078,30004,类型,类型
10079,30002,类型,类型
10079,30024,类型,类型
10079,30015,类型,类型
10080,30002,类型,类型
10080,30016,类型,类型
10080,30006,类型,类型
10081,30002,类型,类型
10082,30002,类型,类型
10082,30024,类型,类型
10082,30010,类型,类型
10083,30002,类型,类型
10083,30015,类型,类型
10083,30007,类型,类型
10084,30016,类型,类型
10084,30026,类型,类型
10084,30029,类型,类型
10085,30002,类型,类型
10085,30016,类型,类型
10085,30006,类型,类型
10086,30016,类型,类型
10086,30006,类型,类型
10087,30006,类型,类型
10087,30026,类型,类型
10088,30002,类型,类型
10088,30021,类型,类型
10088,30010,类型,类型
10089,30002,类型,类型
10089,30006,类型,类型
10090,30007,类型,类型
10090,30013,类型,类型
10091,30006,类型,类型
10092,30002,类型,类型
10092,30016,类型,类型
10092,30024,类型,类型
10093,30002,类型,类型
10093,30014,类型,类型
10093,30003,类型,类型
10094,30016,类型,类型
10094,30014,类型,类型
10095,30016,类型,类型
10095,30009,类型,类型
10096,30016,类型,类型
10096,30004,类型,类型
10097,30002,类型,类型
10097,30015,类型,类型
10097,30004,类型,类型
10098,30024,类型,类型
10098,30017,类型,类型
10098,30021,类型,类型
10098,30010,类型,类型
10098,30022,类型,类型
10099,30002,类型,类型
10100,30002,类型,类型
10100,30015,类型,类型
10101,30002,类型,类型
10101,30015,类型,类型
10101,30004,类型,类型
10102,30002,类型,类型
10102,30016,类型,类型
10102,30014,类型,类型
10103,30002,类型,类型
10103,30015,类型,类型
10104,30024,类型,类型
10104,30021,类型,类型
10104,30010,类型,类型
10105,30002,类型,类型
10105,30015,类型,类型
10105,30004,类型,类型
10106,30024,类型,类型
10106,30026,类型,类型
10106,30009,类型,类型
10106,30029,类型,类型
10107,30002,类型,类型
10107,30024,类型,类型
10107,30004,类型,类型
10108,30002,类型,类型
10109,30024,类型,类型
10109,30009,类型,类型
10109,30022,类型,类型
10110,30024,类型,类型
10110,30001,类型,类型
10111,30002,类型,类型
10112,30016,类型,类型
10112,30006,类型,类型
10113,30002,类型,类型
10114,30002,类型,类型
10114,30015,类型,类型
10114,30009,类型,类型
10115,30002,类型,类型
10115,30016,类型,类型
10116,30006,类型,类型
10117,30002,类型,类型
10118,30002,类型,类型
10118,30016,类型,类型
10118,30014,类型,类型
10119,30013,类型,类型
10120,30026,类型,类型
10120,30014,类型,类型
10120,30003,类型,类型
10120,30029,类型,类型
10121,30016,类型,类型
10122,30026,类型,类型
10122,30014,类型,类型
10122,30029,类型,类型
10123,30002,类型,类型
10123,30008,类型,类型
10124,30016,类型,类型
10126,30026,类型,类型
10127,30016,类型,类型
10127,30006,类型,类型
10127,30009,类型,类型
10128,30002,类型,类型
10128,30007,类型,类型
10128,30013,类型,类型
10129,30026,类型,类型
10130,30016,类型,类型
10130,30006,类型,类型
10131,30021,类型,类型
10131,30010,类型,类型
10132,30006,类型,类型
10133,30026,类型,类型
10133,30009,类型,类型
10133,30029,类型,类型
10134,30016,类型,类型
10135,30016,类型,类型
10135,30024,类型,类型
10135,30004,类型,类型
10136,30002,类型,类型
10136,30006,类型,类型
10137,30016,类型,类型
10137,30006,类型,类型
10137,30009,类型,类型
10138,30015,类型,类型
10138,30004,类型,类型
10139,30006,类型,类型
10141,30002,类型,类型
10142,30016,类型,类型
10143,30002,类型,类型
10143,30024,类型,类型
10144,30002,类型,类型
10144,30006,类型,类型
10145,30002,类型,类型
10145,30006,类型,类型
10146,30002,类型,类型
10147,30009,类型,类型
10147,30029,类型,类型
10147,30022,类型,类型
10148,30002,类型,类型
10148,30016,类型,类型
10149,30002,类型,类型
10150,30002,类型,类型
10150,30016,类型,类型
10151,30030,类型,类型
10151,30011,类型,类型
10152,30016,类型,类型
10152,30006,类型,类型
10153,30002,类型,类型
10153,30006,类型,类型
10153,30027,类型,类型
10154,30016,类型,类型
10154,30026,类型,类型
10155,30002,类型,类型
10155,30006,类型,类型
10155,30009,类型,类型
10156,30002,类型,类型
10157,30006,类型,类型
10157,30018,类型,类型
10157,30007,类型,类型
10158,30002,类型,类型
10158,30024,类型,类型
10158,30015,类型,类型
10158,30022,类型,类型
10159,30016,类型,类型
10159,30004,类型,类型
10160,30002,类型,类型
10160,30003,类型,类型
10161,30016,类型,类型
10161,30026,类型,类型
10161,30029,类型,类型
10162,30014,类型,类型
10162,30003,类型,类型
10163,30002,类型,类型
10163,30017,类型,类型
10164,30016,类型,类型
10164,30026,类型,类型
10164,30029,类型,类型
10165,30021,类型,类型
10166,30016,类型,类型
10166,30003,类型,类型
10166,30009,类型,类型
10167,30002,类型,类型
10168,30016,类型,类型
10169,30002,类型,类型
10170,30024,类型,类型
10170,30029,类型,类型
10171,30018,类型,类型
10171,30015,类型,类型
10172,30024,类型,类型
10172,30026,类型,类型
10172,30029,类型,类型
10173,30002,类型,类型
10173,30009,类型,类型
10173,30029,类型,类型
10174,30002,类型,类型
10174,30006,类型,类型
10175,30024,类型,类型
10175,30015,类型,类型
10175,30001,类型,类型
10176,30002,类型,类型
10176,30024,类型,类型
10176,30010,类型,类型
10177,30024,类型,类型
10177,30015,类型,类型
10177,30022,类型,类型
10178,30002,类型,类型
10178,30016,类型,类型
10179,30007,类型,类型
10179,30013,类型,类型
10180,30006,类型,类型
10181,30002,类型,类型
10181,30003,类型,类型
10182,30002,类型,类型
10183,30002,类型,类型
10183,30018,类型,类型
10183,30004,类型,类型
10184,30024,类型,类型
10184,30009,类型,类型
10184,30001,类型,类型
10185,30002,类型,类型
10185,30012,类型,类型
10185,30014,类型,类型
10185,30003,类型,类型
10189,30002,类型,类型
10189,30016,类型,类型
10189,30006,类型,类型
10190,30016,类型,类型
10190,30013,类型,类型
10191,30016,类型,类型
10191,30006,类型,类型
10192,30002,类型,类型
10193,30004,类型,类型
10194,30002,类型,类型
10194,30008,类型,类型
10195,30016,类型,类型
10195,30015,类型,类型
10195,30013,类型,类型
10196,30018,类型,类型
10197,30006,类型,类型
10197,30009,类型,类型
10198,30002,类型,类型
10198,30011,类型,类型
10199,30002,类型,类型
10199,30011,类型,类型
10200,30016,类型,类型
10201,30002,类型,类型
10201,30006,类型,类型
10201,30027,类型,类型
10202,30018,类型,类型
10202,30026,类型,类型
10202,30029,类型,类型
10203,30016,类型,类型
10203,30018,类型,类型
10204,30002,类型,类型
10204,30006,类型,类型
10205,30016,类型,类型
10205,30006,类型,类型
10206,30002,类型,类型
10206,30015,类型,类型
10207,30016,类型,类型
10207,30006,类型,类型
10208,30002,类型,类型
10208,30015,类型,类型
10208,30004,类型,类型
10209,30002,类型,类型
10209,30006,类型,类型
10210,30002,类型,类型
10210,30003,类型,类型
10211,30002,类型,类型
10211,30003,类型,类型
10211,30021,类型,类型
10211,30022,类型,类型
10212,30016,类型,类型
10212,30018,类型,类型
10212,30026,类型,类型
10213,30002,类型,类型
10213,30024,类型,类型
10213,30004,类型,类型
10214,30002,类型,类型
10215,30002,类型,类型
10215,30006,类型,类型
10216,30002,类型,类型
10216,30027,类型,类型
10217,30016,类型,类型
10217,30006,类型,类型
10218,30016,类型,类型
10218,30006,类型,类型
10218,30015,类型,类型
10218,30009,类型,类型
10219,30006,类型,类型
10219,30015,类型,类型
10220,30002,类型,类型
10220,30006,类型,类型
10220,30010,类型,类型
10221,30015,类型,类型
10221,30004,类型,类型
10222,30016,类型,类型
10222,30006,类型,类型
10223,30002,类型,类型
10223,30024,类型,类型
10223,30004,类型,类型
10224,30002,类型,类型
10225,30002,类型,类型
10225,30015,类型,类型
10225,30004,类型,类型
10226,30016,类型,类型
10226,30024,类型,类型
10226,30015,类型,类型
10227,30002,类型,类型
10228,30002,类型,类型
10228,30024,类型,类型
10228,30015,类型,类型
10228,30004,类型,类型
10229,30002,类型,类型
10229,30024,类型,类型
10229,30004,类型,类型
10230,30002,类型,类型
10230,30016,类型,类型
10231,30002,类型,类型
10232,30002,类型,类型
10233,30026,类型,类型
10233,30012,类型,类型
10233,30014,类型,类型
10233,30003,类型,类型
10234,30016,类型,类型
10235,30002,类型,类型
10235,30029,类型,类型
10236,30016,类型,类型
10236,30026,类型,类型
10236,30014,类型,类型
10236,30029,类型,类型
10237,30006,类型,类型
10238,30002,类型,类型
10239,30016,类型,类型
10239,30006,类型,类型
10240,30024,类型,类型
10240,30004,类型,类型
10241,30016,类型,类型
10241,30024,类型,类型
10242,30024,类型,类型
10242,30029,类型,类型
10243,30002,类型,类型
10243,30011,类型,类型
10244,30016,类型,类型
10244,30013,类型,类型
10245,30016,类型,类型
10245,30009,类型,类型
10246,30002,类型,类型
10246,30021,类型,类型
10246,30010,类型,类型
10247,30024,类型,类型
10247,30015,类型,类型
10247,30004,类型,类型
10248,30016,类型,类型
10248,30006,类型,类型
10249,30002,类型,类型
10249,30006,类型,类型
10249,30014,类型,类型
10250,30002,类型,类型
10251,30002,类型,类型
10252,30016,类型,类型
10252,30026,类型,类型
10252,30009,类型,类型
10252,30029,类型,类型
10253,30002,类型,类型
10254,30002,类型,类型
10254,30024,类型,类型
10254,30004,类型,类型
10255,30024,类型,类型
10255,30004,类型,类型
10256,30002,类型,类型
10256,30016,类型,类型
10256,30004,类型,类型
10257,30002,类型,类型
10258,30002,类型,类型
10258,30016,类型,类型
10258,30011,类型,类型
10259,30024,类型,类型
10259,30004,类型,类型
10260,30016,类型,类型
10261,30006,类型,类型
10261,30004,类型,类型
10262,30016,类型,类型
10262,30009,类型,类型
10263,30002,类型,类型
10263,30015,类型,类型
10263,30009,类型,类型
10263,30022,类型,类型
10264,30016,类型,类型
10264,30009,类型,类型
10265,30002,类型,类型
10265,30015,类型,类型
10265,30004,类型,类型
10266,30016,类型,类型
10266,30006,类型,类型
10266,30009,类型,类型
10267,30002,类型,类型
10268,30002,类型,类型
10268,30015,类型,类型
10268,30004,类型,类型
10269,30002,类型,类型
10269,30014,类型,类型
10269,30003,类型,类型
10270,30002,类型,类型
10270,30013,类型,类型
10271,30015,类型,类型
10271,30007,类型,类型
10271,30013,类型,类型
10272,30018,类型,类型
10272,30013,类型,类型
10273,30013,类型,类型
10273,30004,类型,类型
10274,30015,类型,类型
10274,30013,类型,类型
10275,30015,类型,类型
10275,30007,类型,类型
10275,30013,类型,类型
10276,30002,类型,类型
10276,30013,类型,类型
10276,30003,类型,类型
10277,30015,类型,类型
10277,30007,类型,类型
10277,30013,类型,类型
10278,30015,类型,类型
10278,30007,类型,类型
10278,30013,类型,类型
10279,30013,类型,类型
10280,30007,类型,类型
10280,30013,类型,类型
10281,30007,类型,类型
10281,30013,类型,类型
10282,30024,类型,类型
10282,30018,类型,类型
10282,30013,类型,类型
10282,30010,类型,类型
10283,30007,类型,类型
10283,30013,类型,类型
10284,30013,类型,类型
10285,30007,类型,类型
10285,30013,类型,类型
10286,30016,类型,类型
10286,30013,类型,类型
10287,30015,类型,类型
10287,30007,类型,类型
10287,30013,类型,类型
10288,30013,类型,类型
10289,30015,类型,类型
10289,30007,类型,类型
10289,30013,类型,类型
10290,30007,类型,类型
10290,30013,类型,类型
10291,30002,类型,类型
10291,30026,类型,类型
10291,30013,类型,类型
10292,30013,类型,类型
10293,30024,类型,类型
10293,30013,类型,类型
10294,30015,类型,类型
10294,30007,类型,类型
10294,30013,类型,类型
10295,30026,类型,类型
10295,30013,类型,类型
10295,30009,类型,类型
10296,30007,类型,类型
10296,30013,类型,类型
10297,30002,类型,类型
10297,30015,类型,类型
10297,30013,类型,类型
10298,30007,类型,类型
10298,30013,类型,类型
10299,30016,类型,类型
10299,30013,类型,类型
10300,30015,类型,类型
10300,30007,类型,类型
10300,30013,类型,类型
10301,30024,类型,类型
10301,30026,类型,类型
10301,30013,类型,类型
10301,30029,类型,类型
10302,30007,类型,类型
10302,30013,类型,类型
10303,30007,类型,类型
10303,30013,类型,类型
10304,30002,类型,类型
10304,30007,类型,类型
10304,30013,类型,类型
10305,30015,类型,类型
10305,30007,类型,类型
10305,30013,类型,类型
10306,30002,类型,类型
10306,30013,类型,类型
10306,30004,类型,类型
10307,30002,类型,类型
10307,30007,类型,类型
10307,30013,类型,类型
10308,30015,类型,类型
10308,30013,类型,类型
10309,30013,类型,类型
10310,30013,类型,类型
10311,30015,类型,类型
10311,30007,类型,类型
10311,30013,类型,类型
10312,30013,类型,类型
10313,30002,类型,类型
10313,30007,类型,类型
10313,30013,类型,类型
10314,30007,类型,类型
10314,30013,类型,类型
10315,30015,类型,类型
10315,30007,类型,类型
10315,30013,类型,类型
10316,30007,类型,类型
10316,30013,类型,类型
10316,30009,类型,类型
10317,30015,类型,类型
10317,30007,类型,类型
10317,30013,类型,类型
10318,30007,类型,类型
10318,30013,类型,类型
10319,30007,类型,类型
10319,30013,类型,类型
10320,30007,类型,类型
10320,30013,类型,类型
10321,30013,类型,类型
10322,30013,类型,类型
10322,30009,类型,类型
10323,30013,类型,类型
10324,30006,类型,类型
10324,30013,类型,类型
10324,30009,类型,类型
10325,30015,类型,类型
10325,30007,类型,类型
10325,30013,类型,类型
10326,30007,类型,类型
10326,30013,类型,类型
10327,30024,类型,类型
10327,30013,类型,类型
10327,30004,类型,类型
10328,30013,类型,类型
10328,30009,类型,类型
10329,30015,类型,类型
10329,30007,类型,类型
10329,30013,类型,类型
10330,30007,类型,类型
10330,30013,类型,类型
10331,30002,类型,类型
10331,30013,类型,类型
10331,30009,类型,类型
10332,30013,类型,类型
10333,30007,类型,类型
10333,30013,类型,类型
10334,30007,类型,类型
10334,30013,类型,类型
10335,30015,类型,类型
10335,30007,类型,类型
10335,30013,类型,类型
10336,30013,类型,类型
10337,30016,类型,类型
10337,30013,类型,类型
10337,30009,类型,类型
10337,30029,类型,类型
10338,30013,类型,类型
10339,30002,类型,类型
10339,30013,类型,类型
10340,30007,类型,类型
10340,30013,类型,类型
10341,30007,类型,类型
10341,30013,类型,类型
10342,30013,类型,类型
10343,30013,类型,类型
10344,30016,类型,类型
10344,30013,类型,类型
10345,30007,类型,类型
10345,30013,类型,类型
10346,30024,类型,类型
10346,30013,类型,类型
10347,30013,类型,类型
10348,30007,类型,类型
10348,30013,类型,类型
10349,30024,类型,类型
10349,30007,类型,类型
10349,30013,类型,类型
10351,30007,类型,类型
10351,30013,类型,类型
10352,30016,类型,类型
10352,30013,类型,类型
10353,30007,类型,类型
10353,30013,类型,类型
10354,30002,类型,类型
10354,30018,类型,类型
10354,30013,类型,类型
10355,30016,类型,类型
10355,30013,类型,类型
10355,30012,类型,类型
10356,30018,类型,类型
10356,30015,类型,类型
10356,30013,类型,类型
10357,30016,类型,类型
10357,30013,类型,类型
10358,30002,类型,类型
10358,30015,类型,类型
10358,30007,类型,类型
10358,30013,类型,类型
10359,30013,类型,类型
10360,30013,类型,类型
10361,30016,类型,类型
10361,30013,类型,类型
10362,30007,类型,类型
10362,30013,类型,类型
10363,30013,类型,类型
10364,30016,类型,类型
10364,30024,类型,类型
10364,30013,类型,类型
10365,30002,类型,类型
10365,30013,类型,类型
10365,30009,类型,类型
10366,30024,类型,类型
10366,30018,类型,类型
10366,30013,类型,类型
10367,30013,类型,类型
10368,30013,类型,类型
10369,30016,类型,类型
10369,30013,类型,类型
10370,30007,类型,类型
10370,30013,类型,类型
10371,30002,类型,类型
10371,30013,类型,类型
10371,30009,类型,类型
10372,30007,类型,类型
10372,30013,类型,类型
10372,30004,类型,类型
10373,30002,类型,类型
10373,30013,类型,类型
10373,30009,类型,类型
10374,30007,类型,类型
10374,30013,类型,类型
10375,30018,类型,类型
10375,30013,类型,类型
10376,30013,类型,类型
10377,30007,类型,类型
10377,30013,类型,类型
10378,30013,类型,类型
10379,30002,类型,类型
10379,30007,类型,类型
10379,30013,类型,类型
10380,30015,类型,类型
10380,30007,类型,类型
10380,30013,类型,类型
10381,30026,类型,类型
10382,30018,类型,类型
10382,30026,类型,类型
10383,30002,类型,类型
10384,30016,类型,类型
10384,30026,类型,类型
10385,30012,类型,类型
10386,30002,类型,类型
10387,30002,类型,类型
10387,30016,类型,类型
10388,30026,类型,类型
10389,30024,类型,类型
10390,30002,类型,类型
10391,30002,类型,类型
10391,30014,类型,类型
10392,30002,类型,类型
10392,30026,类型,类型
10392,30015,类型,类型
10392,30009,类型,类型
10392,30029,类型,类型
10393,30002,类型,类型
10393,30024,类型,类型
10393,30026,类型,类型
10394,30002,类型,类型
10395,30027,类型,类型
10396,30020,类型,类型
10397,30002,类型,类型
10397,30024,类型,类型
10397,30006,类型,类型
10397,30001,类型,类型
10397,30022,类型,类型
10398,30002,类型,类型
10399,30002,类型,类型
10399,30027,类型,类型
10399,30004,类型,类型
10400,30016,类型,类型
10400,30026,类型,类型
10401,30016,类型,类型
10402,30002,类型,类型
10402,30016,类型,类型
10402,30011,类型,类型
10403,30002,类型,类型
10403,30009,类型,类型
10404,30002,类型,类型
10404,30016,类型,类型
10405,30002,类型,类型
10405,30017,类型,类型
10405,30021,类型,类型
10406,30002,类型,类型
10406,30021,类型,类型
10406,30010,类型,类型
10407,30002,类型,类型
10407,30016,类型,类型
10408,30015,类型,类型
10408,30004,类型,类型
10409,30002,类型,类型
10410,30002,类型,类型
10410,30006,类型,类型
10411,30002,类型,类型
10411,30026,类型,类型
10411,30015,类型,类型
10411,30007,类型,类型
10412,30002,类型,类型
10412,30016,类型,类型
10412,30010,类型,类型
10413,30002,类型,类型
10414,30015,类型,类型
10414,30007,类型,类型
10414,30013,类型,类型
10415,30002,类型,类型
10416,30024,类型,类型
10416,30026,类型,类型
10416,30009,类型,类型
10416,30001,类型,类型
10417,30016,类型,类型
10417,30024,类型,类型
10417,30026,类型,类型
10418,30002,类型,类型
10418,30024,类型,类型
10418,30007,类型,类型
10418,30021,类型,类型
10419,30002,类型,类型
10419,30010,类型,类型
10420,30002,类型,类型
10420,30016,类型,类型
10421,30002,类型,类型
10421,30010,类型,类型
10422,30016,类型,类型
10422,30014,类型,类型
10422,30029,类型,类型
10422,30008,类型,类型
10423,30026,类型,类型
10424,30024,类型,类型
10424,30005,类型,类型
10424,30029,类型,类型
10425,30002,类型,类型
10425,30016,类型,类型
10425,30006,类型,类型
10426,30002,类型,类型
10426,30009,类型,类型
10427,30002,类型,类型
10427,30017,类型,类型
10428,30002,类型,类型
10428,30006,类型,类型
10429,30016,类型,类型
10430,30002,类型,类型
10430,30006,类型,类型
10430,30005,类型,类型
10432,30002,类型,类型
10434,30002,类型,类型
10434,30026,类型,类型
10434,30008,类型,类型
10435,30002,类型,类型
10435,30007,类型,类型
10435,30010,类型,类型
10436,30002,类型,类型
10436,30026,类型,类型
10436,30017,类型,类型
10437,30002,类型,类型
10437,30021,类型,类型
10437,30010,类型,类型
10438,30002,类型,类型
10438,30017,类型,类型
10439,30002,类型,类型
10439,30006,类型,类型
10439,30010,类型,类型
10440,30002,类型,类型
10440,30010,类型,类型
10441,30006,类型,类型
10441,30026,类型,类型
10441,30014,类型,类型
10441,30029,类型,类型
10442,30016,类型,类型
10443,30002,类型,类型
10443,30021,类型,类型
10444,30002,类型,类型
10445,30002,类型,类型
10445,30017,类型,类型
10446,30002,类型,类型
10446,30024,类型,类型
10446,30018,类型,类型
10447,30002,类型,类型
10447,30006,类型,类型
10447,30010,类型,类型
10448,30002,类型,类型
10449,30002,类型,类型
10449,30015,类型,类型
10449,30004,类型,类型
10450,30002,类型,类型
10450,30016,类型,类型
10450,30010,类型,类型
10451,30002,类型,类型
10451,30006,类型,类型
10451,30011,类型,类型
10452,30016,类型,类型
10452,30006,类型,类型
10454,30002,类型,类型
10455,30002,类型,类型
10455,30006,类型,类型
10457,30002,类型,类型
10458,30002,类型,类型
10459,30018,类型,类型
10459,30007,类型,类型
10460,30002,类型,类型
10461,30002,类型,类型
10462,30002,类型,类型
10462,30016,类型,类型
10463,30002,类型,类型
10463,30016,类型,类型
10463,30014,类型,类型
10463,30029,类型,类型
10464,30016,类型,类型
10464,30018,类型,类型
10464,30026,类型,类型
10464,30014,类型,类型
10464,30029,类型,类型
10465,30002,类型,类型
10465,30029,类型,类型
10466,30002,类型,类型
10466,30016,类型,类型
10466,30011,类型,类型
10467,30002,类型,类型
10467,30003,类型,类型
10468,30002,类型,类型
10468,30006,类型,类型
10468,30004,类型,类型
10469,30024,类型,类型
10469,30018,类型,类型
10470,30002,类型,类型
10470,30013,类型,类型
10471,30002,类型,类型
10471,30027,类型,类型
10473,30002,类型,类型
10473,30007,类型,类型
10473,30004,类型,类型
10474,30002,类型,类型
10474,30026,类型,类型
10474,30008,类型,类型
10475,30002,类型,类型
10476,30002,类型,类型
10476,30011,类型,类型
10476,30017,类型,类型
10477,30002,类型,类型
10477,30021,类型,类型
10477,30010,类型,类型
10479,30016,类型,类型
10480,30002,类型,类型
10481,30010,类型,类型
10482,30016,类型,类型
10483,30002,类型,类型
10483,30021,类型,类型
10483,30010,类型,类型
10484,30015,类型,类型
10484,30004,类型,类型
10485,30002,类型,类型
10486,30002,类型,类型
10487,30024,类型,类型
10487,30018,类型,类型
10487,30029,类型,类型
10488,30002,类型,类型
10488,30016,类型,类型
10489,30002,类型,类型
10489,30006,类型,类型
10489,30012,类型,类型
10490,30002,类型,类型
10491,30002,类型,类型
10492,30002,类型,类型
10492,30016,类型,类型
10492,30014,类型,类型
10493,30002,类型,类型
10493,30026,类型,类型
10493,30029,类型,类型
10494,30002,类型,类型
10494,30007,类型,类型
10494,30004,类型,类型
10494,30028,类型,类型
10495,30016,类型,类型
10495,30026,类型,类型
10496,30002,类型,类型
10496,30006,类型,类型
10496,30027,类型,类型
10497,30002,类型,类型
10498,30002,类型,类型
10498,30026,类型,类型
10498,30015,类型,类型
10498,30007,类型,类型
10499,30026,类型,类型
10500,30002,类型,类型
10500,30006,类型,类型
10501,30002,类型,类型
10501,30016,类型,类型
10501,30004,类型,类型
10502,30026,类型,类型
10502,30008,类型,类型
10503,30002,类型,类型
10503,30006,类型,类型
10504,30002,类型,类型
10504,30006,类型,类型
10504,30009,类型,类型
10504,30022,类型,类型
10505,30002,类型,类型
10505,30016,类型,类型
10506,30018,类型,类型
10506,30026,类型,类型
10507,30002,类型,类型
10507,30016,类型,类型
10509,30002,类型,类型
10509,30004,类型,类型
10511,30002,类型,类型
10511,30006,类型,类型
10511,30021,类型,类型
10512,30002,类型,类型
10512,30015,类型,类型
10513,30002,类型,类型
10513,30006,类型,类型
10514,30002,类型,类型
10514,30006,类型,类型
10514,30004,类型,类型
10515,30016,类型,类型
10515,30006,类型,类型
10515,30012,类型,类型
10516,30016,类型,类型
10516,30004,类型,类型
10517,30002,类型,类型
10517,30007,类型,类型
10518,30026,类型,类型
10519,30002,类型,类型
10520,30002,类型,类型
10520,30024,类型,类型
10520,30021,类型,类型
10520,30010,类型,类型
10521,30002,类型,类型
10522,30002,类型,类型
10522,30006,类型,类型
10522,30015,类型,类型
10523,30002,类型,类型
10523,30006,类型,类型
10523,30029,类型,类型
10524,30002,类型,类型
10524,30016,类型,类型
10524,30006,类型,类型
10525,30006,类型,类型
10526,30026,类型,类型
10527,30015,类型,类型
10527,30013,类型,类型
10527,30004,类型,类型
10528,30002,类型,类型
10529,30002,类型,类型
10530,30002,类型,类型
10530,30016,类型,类型
10530,30014,类型,类型
10530,30008,类型,类型
10531,30018,类型,类型
10531,30013,类型,类型
10532,30002,类型,类型
10532,30006,类型,类型
10533,30002,类型,类型
10533,30016,类型,类型
10533,30004,类型,类型
10534,30002,类型,类型
10534,30015,类型,类型
10534,30003,类型,类型
10534,30021,类型,类型
10534,30022,类型,类型
10535,30002,类型,类型
10535,30016,类型,类型
10536,30002,类型,类型
10536,30006,类型,类型
10536,30021,类型,类型
10537,30002,类型,类型
10537,30017,类型,类型
10537,30008,类型,类型
10538,30002,类型,类型
10539,30026,类型,类型
10540,30016,类型,类型
10540,30013,类型,类型
10541,30002,类型,类型
10541,30017,类型,类型
10542,30002,类型,类型
10542,30016,类型,类型
10543,30002,类型,类型
10543,30017,类型,类型
10543,30021,类型,类型
10544,30002,类型,类型
10545,30018,类型,类型
10545,30026,类型,类型
10545,30010,类型,类型
10546,30002,类型,类型
10546,30011,类型,类型
10546,30014,类型,类型
10547,30002,类型,类型
10547,30004,类型,类型
10548,30002,类型,类型
10548,30007,类型,类型
10549,30002,类型,类型
10549,30016,类型,类型
10550,30024,类型,类型
10550,30007,类型,类型
10550,30004,类型,类型
10551,30002,类型,类型
10551,30021,类型,类型
10551,30010,类型,类型
10552,30002,类型,类型
10552,30024,类型,类型
10552,30018,类型,类型
10552,30009,类型,类型
10553,30002,类型,类型
10553,30016,类型,类型
10553,30026,类型,类型
10553,30027,类型,类型
10554,30002,类型,类型
10554,30006,类型,类型
10554,30017,类型,类型
10555,30002,类型,类型
10555,30016,类型,类型
10555,30006,类型,类型
10555,30004,类型,类型
10556,30002,类型,类型
10556,30016,类型,类型
10556,30006,类型,类型
10556,30014,类型,类型
10557,30002,类型,类型
10558,30002,类型,类型
10558,30010,类型,类型
10560,30002,类型,类型
10561,30002,类型,类型
10561,30018,类型,类型
10561,30026,类型,类型
10562,30002,类型,类型
10562,30007,类型,类型
10562,30028,类型,类型
10563,30002,类型,类型
10564,30002,类型,类型
10564,30021,类型,类型
10564,30010,类型,类型
10565,30002,类型,类型
10566,30002,类型,类型
10566,30003,类型,类型
10567,30002,类型,类型
10567,30018,类型,类型
10567,30013,类型,类型
10568,30002,类型,类型
10569,30018,类型,类型
10569,30029,类型,类型
10570,30002,类型,类型
10570,30015,类型,类型
10570,30004,类型,类型
10571,30002,类型,类型
10571,30024,类型,类型
10571,30006,类型,类型
10571,30022,类型,类型
10572,30026,类型,类型
10573,30002,类型,类型
10573,30017,类型,类型
10574,30002,类型,类型
10575,30024,类型,类型
10575,30026,类型,类型
10576,30002,类型,类型
10576,30024,类型,类型
10576,30004,类型,类型
10576,30028,类型,类型
10577,30016,类型,类型
10577,30026,类型,类型
10578,30024,类型,类型
10578,30026,类型,类型
10578,30004,类型,类型
10579,30002,类型,类型
10579,30006,类型,类型
10580,30002,类型,类型
10580,30021,类型,类型
10580,30004,类型,类型
10581,30016,类型,类型
10581,30006,类型,类型
10582,30002,类型,类型
10583,30002,类型,类型
10583,30013,类型,类型
10583,30009,类型,类型
10584,30016,类型,类型
10584,30014,类型,类型
10585,30002,类型,类型
10585,30027,类型,类型
10586,30002,类型,类型
10586,30016,类型,类型
10587,30002,类型,类型
10587,30007,类型,类型
10587,30004,类型,类型
10588,30002,类型,类型
10588,30010,类型,类型
10589,30002,类型,类型
10589,30026,类型,类型
10590,30024,类型,类型
10590,30018,类型,类型
10590,30026,类型,类型
10591,30002,类型,类型
10591,30011,类型,类型
10592,30002,类型,类型
10593,30002,类型,类型
10594,30002,类型,类型
10594,30016,类型,类型
10595,30024,类型,类型
10595,30015,类型,类型
10596,30002,类型,类型
10597,30002,类型,类型
10598,30002,类型,类型
10598,30012,类型,类型
10598,30010,类型,类型
10599,30016,类型,类型
10599,30024,类型,类型
10599,30004,类型,类型
10600,30002,类型,类型
10600,30015,类型,类型
10601,30002,类型,类型
10602,30002,类型,类型
10602,30015,类型,类型
10602,30007,类型,类型
10602,30004,类型,类型
10603,30024,类型,类型
10603,30009,类型,类型
10604,30016,类型,类型
10605,30002,类型,类型
10605,30024,类型,类型
10605,30021,类型,类型
10606,30002,类型,类型
10606,30006,类型,类型
10607,30015,类型,类型
10607,30007,类型,类型
10608,30015,类型,类型
10608,30007,类型,类型
10609,30002,类型,类型
10609,30024,类型,类型
10610,30002,类型,类型
10610,30021,类型,类型
10610,30010,类型,类型
10611,30002,类型,类型
10612,30024,类型,类型
10613,30002,类型,类型
10613,30024,类型,类型
10613,30007,类型,类型
10614,30016,类型,类型
10614,30024,类型,类型
10614,30004,类型,类型
10615,30002,类型,类型
10615,30024,类型,类型
10615,30004,类型,类型
10616,30002,类型,类型
10616,30006,类型,类型
10617,30002,类型,类型
10617,30007,类型,类型
10618,30002,类型,类型
10618,30018,类型,类型
10618,30029,类型,类型
10619,30002,类型,类型
10619,30007,类型,类型
10619,30004,类型,类型
10620,30002,类型,类型
10620,30006,类型,类型
10620,30011,类型,类型
10621,30002,类型,类型
10621,30006,类型,类型
10622,30024,类型,类型
10622,30015,类型,类型
10623,30016,类型,类型
10623,30004,类型,类型
10624,30015,类型,类型
10624,30007,类型,类型
10624,30004,类型,类型
10625,30002,类型,类型
10626,30002,类型,类型
10627,30015,类型,类型
10627,30007,类型,类型
10627,30004,类型,类型
10628,30002,类型,类型
10628,30006,类型,类型
10628,30021,类型,类型
10629,30002,类型,类型
10630,30002,类型,类型
10631,30024,类型,类型
10632,30016,类型,类型
10632,30009,类型,类型
10634,30002,类型,类型
10634,30006,类型,类型
10635,30016,类型,类型
10635,30015,类型,类型
10635,30004,类型,类型
10636,30024,类型,类型
10637,30015,类型,类型
10637,30007,类型,类型
10637,30004,类型,类型
10638,30002,类型,类型
10638,30008,类型,类型
10639,30002,类型,类型
10640,30002,类型,类型
10640,30011,类型,类型
10640,30004,类型,类型
10641,30002,类型,类型
10642,30016,类型,类型
10642,30006,类型,类型
10643,30007,类型,类型
10643,30004,类型,类型
10644,30002,类型,类型
10644,30006,类型,类型
10644,30030,类型,类型
10645,30002,类型,类型
10645,30007,类型,类型
10646,30002,类型,类型
10647,30016,类型,类型
10647,30029,类型,类型
10647,30022,类型,类型
10648,30006,类型,类型
10649,30002,类型,类型
10649,30030,类型,类型
10650,30002,类型,类型
10650,30016,类型,类型
10650,30006,类型,类型
10650,30021,类型,类型
10651,30002,类型,类型
10651,30021,类型,类型
10651,30010,类型,类型
10651,30022,类型,类型
10652,30002,类型,类型
10652,30024,类型,类型
10652,30021,类型,类型
10653,30002,类型,类型
10654,30016,类型,类型
10655,30002,类型,类型
10655,30015,类型,类型
10656,30024,类型,类型
10656,30004,类型,类型
10657,30002,类型,类型
10657,30024,类型,类型
10657,30017,类型,类型
10658,30002,类型,类型
10658,30014,类型,类型
10659,30002,类型,类型
10659,30024,类型,类型
10660,30016,类型,类型
10660,30004,类型,类型
10661,30015,类型,类型
10661,30007,类型,类型
10662,30002,类型,类型
10662,30006,类型,类型
10663,30015,类型,类型
10663,30007,类型,类型
10664,30002,类型,类型
10664,30006,类型,类型
10664,30030,类型,类型
10665,30002,类型,类型
10665,30016,类型,类型
10666,30002,类型,类型
10666,30006,类型,类型
10666,30030,类型,类型
10667,30016,类型,类型
10667,30006,类型,类型
10668,30002,类型,类型
10668,30006,类型,类型
10669,30002,类型,类型
10669,30016,类型,类型
10670,30016,类型,类型
10671,30002,类型,类型
10671,30007,类型,类型
10671,30004,类型,类型
10672,30002,类型,类型
10673,30016,类型,类型
10673,30004,类型,类型
10674,30002,类型,类型
10674,30006,类型,类型
10674,30030,类型,类型
10675,30002,类型,类型
10676,30016,类型,类型
10677,30024,类型,类型
10677,30009,类型,类型
10678,30006,类型,类型
10678,30030,类型,类型
10679,30030,类型,类型
10680,30002,类型,类型
10680,30007,类型,类型
10680,30004,类型,类型
10681,30002,类型,类型
10681,30014,类型,类型
10682,30002,类型,类型
10682,30006,类型,类型
10682,30030,类型,类型
10683,30002,类型,类型
10683,30015,类型,类型
10684,30007,类型,类型
10684,30004,类型,类型
10685,30024,类型,类型
10685,30006,类型,类型
10685,30018,类型,类型
10686,30024,类型,类型
10687,30002,类型,类型
10687,30016,类型,类型
10687,30009,类型,类型
10688,30002,类型,类型
10688,30030,类型,类型
10689,30002,类型,类型
10689,30016,类型,类型
10689,30004,类型,类型
10690,30002,类型,类型
10690,30021,类型,类型
10691,30002,类型,类型
10691,30015,类型,类型
10691,30007,类型,类型
10692,30002,类型,类型
10692,30024,类型,类型
10692,30004,类型,类型
10693,30002,类型,类型
10693,30006,类型,类型
10694,30015,类型,类型
10694,30007,类型,类型
10695,30024,类型,类型
10695,30004,类型,类型
10696,30002,类型,类型
10696,30024,类型,类型
10697,30024,类型,类型
10697,30004,类型,类型
10698,30002,类型,类型
10698,30004,类型,类型
10699,30002,类型,类型
10700,30002,类型,类型
10700,30016,类型,类型
10701,30024,类型,类型
10701,30004,类型,类型
10702,30024,类型,类型
10702,30015,类型,类型
10702,30004,类型,类型
10703,30002,类型,类型
10703,30015,类型,类型
10703,30007,类型,类型
10704,30024,类型,类型
10704,30004,类型,类型
10705,30002,类型,类型
10705,30006,类型,类型
10705,30009,类型,类型
10706,30002,类型,类型
10706,30009,类型,类型
10707,30004,类型,类型
10708,30002,类型,类型
10708,30015,类型,类型
10709,30015,类型,类型
10709,30007,类型,类型
10710,30002,类型,类型
10710,30015,类型,类型
10710,30004,类型,类型
10711,30015,类型,类型
10712,30002,类型,类型
10712,30015,类型,类型
10712,30007,类型,类型
10712,30004,类型,类型
10713,30016,类型,类型
10713,30015,类型,类型
10713,30007,类型,类型
10713,30004,类型,类型
10714,30002,类型,类型
10714,30015,类型,类型
10714,30004,类型,类型
10715,30018,类型,类型
10715,30015,类型,类型
10715,30007,类型,类型
10716,30016,类型,类型
10716,30015,类型,类型
10716,30004,类型,类型
10717,30002,类型,类型
10717,30015,类型,类型
10717,30007,类型,类型
10718,30002,类型,类型
10718,30015,类型,类型
10718,30007,类型,类型
10718,30004,类型,类型
10719,30002,类型,类型
10719,30015,类型,类型
10719,30004,类型,类型
10720,30002,类型,类型
10720,30015,类型,类型
10720,30007,类型,类型
10721,30002,类型,类型
10721,30015,类型,类型
10721,30007,类型,类型
10721,30004,类型,类型
10722,30002,类型,类型
10722,30015,类型,类型
10722,30007,类型,类型
10723,30002,类型,类型
10723,30015,类型,类型
10723,30004,类型,类型
10724,30002,类型,类型
10724,30015,类型,类型
10724,30004,类型,类型
10725,30002,类型,类型
10725,30015,类型,类型
10725,30007,类型,类型
10725,30004,类型,类型
10726,30002,类型,类型
10726,30018,类型,类型
10726,30015,类型,类型
10727,30015,类型,类型
10727,30007,类型,类型
10727,30004,类型,类型
10728,30002,类型,类型
10728,30015,类型,类型
10728,30007,类型,类型
10729,30002,类型,类型
10729,30015,类型,类型
10730,30016,类型,类型
10730,30015,类型,类型
10730,30004,类型,类型
10731,30002,类型,类型
10731,30018,类型,类型
10731,30015,类型,类型
10731,30007,类型,类型
10732,30002,类型,类型
10732,30015,类型,类型
10732,30004,类型,类型
10733,30002,类型,类型
10733,30015,类型,类型
10733,30007,类型,类型
10734,30002,类型,类型
10734,30006,类型,类型
10734,30015,类型,类型
10735,30002,类型,类型
10735,30015,类型,类型
10736,30002,类型,类型
10736,30015,类型,类型
10736,30007,类型,类型
10736,30004,类型,类型
10737,30018,类型,类型
10737,30015,类型,类型
10737,30007,类型,类型
10738,30002,类型,类型
10738,30015,类型,类型
10738,30004,类型,类型
10739,30015,类型,类型
10739,30004,类型,类型
10740,30002,类型,类型
10740,30015,类型,类型
10740,30007,类型,类型
10740,30004,类型,类型
10741,30002,类型,类型
10741,30015,类型,类型
10741,30009,类型,类型
10741,30029,类型,类型
10742,30002,类型,类型
10742,30015,类型,类型
10742,30004,类型,类型
10743,30002,类型,类型
10743,30015,类型,类型
10744,30002,类型,类型
10744,30015,类型,类型
10744,30007,类型,类型
10745,30015,类型,类型
10745,30007,类型,类型
10745,30029,类型,类型
10746,30015,类型,类型
10746,30007,类型,类型
10746,30004,类型,类型
10747,30015,类型,类型
10747,30007,类型,类型
10747,30004,类型,类型
10748,30002,类型,类型
10748,30015,类型,类型
10749,30002,类型,类型
10749,30015,类型,类型
10750,30002,类型,类型
10750,30015,类型,类型
10751,30002,类型,类型
10751,30006,类型,类型
10751,30015,类型,类型
10752,30015,类型,类型
10752,30007,类型,类型
10752,30004,类型,类型
10753,30018,类型,类型
10753,30015,类型,类型
10753,30007,类型,类型
10753,30004,类型,类型
10754,30002,类型,类型
10754,30015,类型,类型
10754,30004,类型,类型
10755,30002,类型,类型
10755,30015,类型,类型
10755,30004,类型,类型
10756,30015,类型,类型
10756,30004,类型,类型
10757,30002,类型,类型
10757,30015,类型,类型
10757,30004,类型,类型
10758,30016,类型,类型
10758,30024,类型,类型
10758,30015,类型,类型
10758,30004,类型,类型
10759,30002,类型,类型
10759,30015,类型,类型
10759,30007,类型,类型
10760,30002,类型,类型
10760,30015,类型,类型
10761,30002,类型,类型
10761,30015,类型,类型
10761,30028,类型,类型
10762,30002,类型,类型
10762,30024,类型,类型
10762,30015,类型,类型
10762,30021,类型,类型
10763,30015,类型,类型
10763,30007,类型,类型
10763,30004,类型,类型
10764,30018,类型,类型
10764,30015,类型,类型
10765,30015,类型,类型
10765,30009,类型,类型
10765,30022,类型,类型
10766,30015,类型,类型
10766,30004,类型,类型
10767,30015,类型,类型
10767,30004,类型,类型
10768,30002,类型,类型
10768,30015,类型,类型
10769,30016,类型,类型
10769,30015,类型,类型
10769,30004,类型,类型
10770,30002,类型,类型
10770,30015,类型,类型
10770,30007,类型,类型
10771,30018,类型,类型
10771,30015,类型,类型
10772,30016,类型,类型
10772,30015,类型,类型
10772,30004,类型,类型
10773,30024,类型,类型
10773,30015,类型,类型
10773,30007,类型,类型
10773,30004,类型,类型
10152,30018,类型,类型
10152,30015,类型,类型
10152,30007,类型,类型
10775,30002,类型,类型
10775,30015,类型,类型
10775,30007,类型,类型
10776,30018,类型,类型
10776,30015,类型,类型
10776,30007,类型,类型
10777,30002,类型,类型
10777,30015,类型,类型
10777,30004,类型,类型
10778,30015,类型,类型
10778,30007,类型,类型
10779,30015,类型,类型
10779,30007,类型,类型
10780,30002,类型,类型
10780,30015,类型,类型
10781,30015,类型,类型
10781,30007,类型,类型
10781,30009,类型,类型
10781,30029,类型,类型
10782,30002,类型,类型
10782,30015,类型,类型
10783,30015,类型,类型
10783,30007,类型,类型
10783,30029,类型,类型
10784,30002,类型,类型
10784,30015,类型,类型
10784,30004,类型,类型
10785,30018,类型,类型
10785,30015,类型,类型
10785,30007,类型,类型
10786,30002,类型,类型
10786,30015,类型,类型
10786,30007,类型,类型
10787,30018,类型,类型
10787,30015,类型,类型
10787,30004,类型,类型
10788,30002,类型,类型
10788,30015,类型,类型
10789,30002,类型,类型
10789,30015,类型,类型
10789,30007,类型,类型
10790,30002,类型,类型
10790,30015,类型,类型
10791,30015,类型,类型
10791,30007,类型,类型
10792,30015,类型,类型
10792,30007,类型,类型
10792,30004,类型,类型
10793,30002,类型,类型
10793,30015,类型,类型
10793,30004,类型,类型
10794,30026,类型,类型
10794,30015,类型,类型
10795,30002,类型,类型
10795,30006,类型,类型
10795,30025,类型,类型
10796,30002,类型,类型
10796,30006,类型,类型
10796,30011,类型,类型
10797,30002,类型,类型
10797,30006,类型,类型
10798,30016,类型,类型
10798,30026,类型,类型
10798,30029,类型,类型
10799,30002,类型,类型
10799,30014,类型,类型
10799,30017,类型,类型
10799,30008,类型,类型
10800,30002,类型,类型
10800,30014,类型,类型
10800,30004,类型,类型
10801,30002,类型,类型
10801,30024,类型,类型
10801,30004,类型,类型
10802,30002,类型,类型
10802,30004,类型,类型
10803,30024,类型,类型
10803,30018,类型,类型
10803,30009,类型,类型
10803,30029,类型,类型
10804,30002,类型,类型
10804,30016,类型,类型
10804,30017,类型,类型
10805,30002,类型,类型
10805,30006,类型,类型
10805,30026,类型,类型
10806,30002,类型,类型
10806,30026,类型,类型
10806,30009,类型,类型
10807,30002,类型,类型
10807,30018,类型,类型
10807,30015,类型,类型
10807,30029,类型,类型
10808,30024,类型,类型
10808,30018,类型,类型
10808,30029,类型,类型
10809,30016,类型,类型
10809,30026,类型,类型
10809,30027,类型,类型
10809,30009,类型,类型
10810,30024,类型,类型
10810,30018,类型,类型
10810,30010,类型,类型
10810,30029,类型,类型
10811,30002,类型,类型
10811,30027,类型,类型
10812,30002,类型,类型
10812,30015,类型,类型
10812,30004,类型,类型
10813,30024,类型,类型
10813,30018,类型,类型
10813,30007,类型,类型
10813,30029,类型,类型
10814,30016,类型,类型
10814,30006,类型,类型
10814,30009,类型,类型
10814,30022,类型,类型
10815,30026,类型,类型
10815,30009,类型,类型
10815,30029,类型,类型
10816,30002,类型,类型
10816,30014,类型,类型
10816,30017,类型,类型
10817,30002,类型,类型
10817,30027,类型,类型
10818,30024,类型,类型
10818,30018,类型,类型
10818,30009,类型,类型
10818,30029,类型,类型
10819,30002,类型,类型
10819,30027,类型,类型
10819,30017,类型,类型
10820,30002,类型,类型
10820,30016,类型,类型
10820,30024,类型,类型
10820,30005,类型,类型
10821,30016,类型,类型
10821,30006,类型,类型
10821,30009,类型,类型
10821,30022,类型,类型
10822,30024,类型,类型
10822,30007,类型,类型
10822,30029,类型,类型
10823,30002,类型,类型
10823,30015,类型,类型
10823,30007,类型,类型
10823,30004,类型,类型
10824,30016,类型,类型
10824,30024,类型,类型
10824,30004,类型,类型
10824,30009,类型,类型
10825,30002,类型,类型
10825,30016,类型,类型
10825,30006,类型,类型
10826,30002,类型,类型
10826,30016,类型,类型
10826,30006,类型,类型
10827,30002,类型,类型
10828,30002,类型,类型
10828,30021,类型,类型
10828,30010,类型,类型
10829,30024,类型,类型
10829,30018,类型,类型
10829,30029,类型,类型
10830,30002,类型,类型
10830,30016,类型,类型
10830,30006,类型,类型
10831,30002,类型,类型
10831,30016,类型,类型
10832,30002,类型,类型
10832,30014,类型,类型
10833,30002,类型,类型
10833,30015,类型,类型
10833,30004,类型,类型
10834,30024,类型,类型
10834,30018,类型,类型
10834,30029,类型,类型
10835,30016,类型,类型
10835,30006,类型,类型
10835,30022,类型,类型
10836,30024,类型,类型
10836,30007,类型,类型
10836,30025,类型,类型
10837,30002,类型,类型
10837,30004,类型,类型
10838,30002,类型,类型
10838,30018,类型,类型
10838,30015,类型,类型
10838,30007,类型,类型
10839,30002,类型,类型
10839,30004,类型,类型
10840,30006,类型,类型
10840,30009,类型,类型
10840,30001,类型,类型
10840,30022,类型,类型
10841,30009,类型,类型
10841,30029,类型,类型
10842,30002,类型,类型
10842,30017,类型,类型
10842,30021,类型,类型
10843,30016,类型,类型
10843,30006,类型,类型
10844,30002,类型,类型
10844,30006,类型,类型
10844,30009,类型,类型
10845,30002,类型,类型
10845,30006,类型,类型
10845,30012,类型,类型
10846,30002,类型,类型
10846,30030,类型,类型
10846,30010,类型,类型
10847,30026,类型,类型
10847,30009,类型,类型
10847,30029,类型,类型
10654,30002,类型,类型
10654,30016,类型,类型
10654,30006,类型,类型
10654,30010,类型,类型
10849,30016,类型,类型
10849,30026,类型,类型
10849,30009,类型,类型
10849,30029,类型,类型
10669,30002,类型,类型
10669,30016,类型,类型
10669,30006,类型,类型
10851,30016,类型,类型
10851,30024,类型,类型
10851,30018,类型,类型
10851,30026,类型,类型
10851,30029,类型,类型
10852,30002,类型,类型
10852,30021,类型,类型
10852,30010,类型,类型
10853,30016,类型,类型
10853,30024,类型,类型
10853,30026,类型,类型
10853,30009,类型,类型
10854,30024,类型,类型
10854,30018,类型,类型
10855,30024,类型,类型
10855,30009,类型,类型
10855,30029,类型,类型
10856,30002,类型,类型
10856,30015,类型,类型
10856,30007,类型,类型
10856,30004,类型,类型
10857,30016,类型,类型
10857,30004,类型,类型
10858,30002,类型,类型
10859,30002,类型,类型
10859,30014,类型,类型
10859,30021,类型,类型
10860,30002,类型,类型
10860,30017,类型,类型
10860,30004,类型,类型
10861,30002,类型,类型
10862,30002,类型,类型
10862,30006,类型,类型
10862,30009,类型,类型
10863,30002,类型,类型
10863,30018,类型,类型
10863,30029,类型,类型
10864,30026,类型,类型
10864,30009,类型,类型
10864,30029,类型,类型
10865,30002,类型,类型
10865,30026,类型,类型
10865,30012,类型,类型
10865,30014,类型,类型
10865,30029,类型,类型
10866,30002,类型,类型
10866,30006,类型,类型
10867,30002,类型,类型
10867,30024,类型,类型
10867,30015,类型,类型
10867,30007,类型,类型
10868,30002,类型,类型
10868,30006,类型,类型
10868,30026,类型,类型
10869,30002,类型,类型
10869,30015,类型,类型
10869,30007,类型,类型
10870,30016,类型,类型
10870,30026,类型,类型
10870,30012,类型,类型
10870,30009,类型,类型
10871,30002,类型,类型
10871,30015,类型,类型
10871,30009,类型,类型
10871,30029,类型,类型
10872,30002,类型,类型
10872,30024,类型,类型
10872,30006,类型,类型
10872,30001,类型,类型
10872,30022,类型,类型
10873,30002,类型,类型
10873,30007,类型,类型
10873,30004,类型,类型
10874,30002,类型,类型
10874,30024,类型,类型
10874,30009,类型,类型
10874,30029,类型,类型
10875,30002,类型,类型
10875,30006,类型,类型
10876,30002,类型,类型
10876,30007,类型,类型
10877,30002,类型,类型
10877,30015,类型,类型
10877,30007,类型,类型
10878,30002,类型,类型
10878,30014,类型,类型
10879,30024,类型,类型
10879,30018,类型,类型
10879,30029,类型,类型
10880,30002,类型,类型
10880,30016,类型,类型
10881,30002,类型,类型
10881,30006,类型,类型
10882,30026,类型,类型
10882,30009,类型,类型
10882,30029,类型,类型
10883,30002,类型,类型
10883,30015,类型,类型
10884,30002,类型,类型
10884,30015,类型,类型
10884,30007,类型,类型
10885,30002,类型,类型
10885,30017,类型,类型
10885,30021,类型,类型
10886,30002,类型,类型
10886,30021,类型,类型
10886,30010,类型,类型
10887,30002,类型,类型
10887,30006,类型,类型
10887,30011,类型,类型
10887,30014,类型,类型
10888,30002,类型,类型
10888,30015,类型,类型
10888,30004,类型,类型
10889,30018,类型,类型
10889,30015,类型,类型
10889,30007,类型,类型
10890,30002,类型,类型
10890,30024,类型,类型
10890,30004,类型,类型
10891,30002,类型,类型
10892,30002,类型,类型
10892,30006,类型,类型
10893,30002,类型,类型
10893,30014,类型,类型
10894,30002,类型,类型
10894,30006,类型,类型
10894,30026,类型,类型
10894,30009,类型,类型
10895,30016,类型,类型
10895,30026,类型,类型
10895,30009,类型,类型
10895,30029,类型,类型
10896,30002,类型,类型
10896,30011,类型,类型
10896,30017,类型,类型
10896,30010,类型,类型
10897,30002,类型,类型
10897,30021,类型,类型
10897,30010,类型,类型
10898,30002,类型,类型
10898,30018,类型,类型
10898,30007,类型,类型
10899,30002,类型,类型
10899,30007,类型,类型
10900,30016,类型,类型
10900,30006,类型,类型
10900,30009,类型,类型
10901,30002,类型,类型
10901,30006,类型,类型
10901,30011,类型,类型
10902,30016,类型,类型
10902,30026,类型,类型
10902,30029,类型,类型
10903,30002,类型,类型
10903,30006,类型,类型
10904,30002,类型,类型
10904,30014,类型,类型
10905,30016,类型,类型
10905,30009,类型,类型
10905,30001,类型,类型
10905,30022,类型,类型
10906,30018,类型,类型
10906,30015,类型,类型
10906,30007,类型,类型
10907,30002,类型,类型
10907,30010,类型,类型
10908,30002,类型,类型
10908,30016,类型,类型
10909,30002,类型,类型
10909,30006,类型,类型
10910,30002,类型,类型
10910,30006,类型,类型
10910,30012,类型,类型
10910,30017,类型,类型
10911,30002,类型,类型
10911,30014,类型,类型
10912,30009,类型,类型
10912,30029,类型,类型
10913,30002,类型,类型
10913,30014,类型,类型
10914,30024,类型,类型
10914,30018,类型,类型
10914,30029,类型,类型
10915,30024,类型,类型
10915,30018,类型,类型
10915,30029,类型,类型
10915,30025,类型,类型
10916,30002,类型,类型
10916,30015,类型,类型
10916,30007,类型,类型
10916,30004,类型,类型
10917,30016,类型,类型
10917,30026,类型,类型
10917,30029,类型,类型
10918,30002,类型,类型
10918,30016,类型,类型
10919,30002,类型,类型
10920,30002,类型,类型
10920,30024,类型,类型
10920,30018,类型,类型
10921,30016,类型,类型
10921,30022,类型,类型
10922,30002,类型,类型
10922,30015,类型,类型
10922,30004,类型,类型
10923,30002,类型,类型
10923,30011,类型,类型
10923,30017,类型,类型
10924,30002,类型,类型
10924,30024,类型,类型
10924,30017,类型,类型
10924,30021,类型,类型
10924,30010,类型,类型
10925,30026,类型,类型
10925,30009,类型,类型
10925,30029,类型,类型
10926,30009,类型,类型
10926,30029,类型,类型
10927,30002,类型,类型
10927,30004,类型,类型
10927,30005,类型,类型
10928,30002,类型,类型
10928,30024,类型,类型
10928,30005,类型,类型
10928,30029,类型,类型
10929,30015,类型,类型
10929,30007,类型,类型
10929,30013,类型,类型
10930,30024,类型,类型
10930,30018,类型,类型
10931,30002,类型,类型
10931,30017,类型,类型
10931,30021,类型,类型
10932,30016,类型,类型
10933,30002,类型,类型
10933,30015,类型,类型
10933,30007,类型,类型
10934,30002,类型,类型
10934,30009,类型,类型
10934,30029,类型,类型
10935,30024,类型,类型
10935,30018,类型,类型
10936,30002,类型,类型
10936,30004,类型,类型
10936,30009,类型,类型
10937,30002,类型,类型
10937,30006,类型,类型
10938,30002,类型,类型
10938,30016,类型,类型
10938,30006,类型,类型
10939,30002,类型,类型
10939,30016,类型,类型
10939,30024,类型,类型
10939,30004,类型,类型
10940,30002,类型,类型
10940,30015,类型,类型
10940,30007,类型,类型
10940,30004,类型,类型
10941,30002,类型,类型
10942,30002,类型,类型
10942,30015,类型,类型
10942,30013,类型,类型
10943,30024,类型,类型
10943,30009,类型,类型
10943,30029,类型,类型
10944,30024,类型,类型
10944,30006,类型,类型
10944,30001,类型,类型
10944,30022,类型,类型
10945,30016,类型,类型
10945,30026,类型,类型
10945,30014,类型,类型
10945,30029,类型,类型
10946,30024,类型,类型
10946,30004,类型,类型
10947,30002,类型,类型
10947,30016,类型,类型
10947,30006,类型,类型
10948,30016,类型,类型
10948,30024,类型,类型
10949,30002,类型,类型
10949,30016,类型,类型
10949,30004,类型,类型
10950,30018,类型,类型
10950,30026,类型,类型
10950,30015,类型,类型
10950,30007,类型,类型
10951,30016,类型,类型
10951,30026,类型,类型
10951,30009,类型,类型
10951,30029,类型,类型
10952,30002,类型,类型
10952,30016,类型,类型
10952,30029,类型,类型
10953,30002,类型,类型
10954,30002,类型,类型
10954,30006,类型,类型
10955,30002,类型,类型
10955,30006,类型,类型
10955,30018,类型,类型
10955,30026,类型,类型
10956,30024,类型,类型
10956,30015,类型,类型
10956,30007,类型,类型
10957,30002,类型,类型
10957,30004,类型,类型
10958,30002,类型,类型
10959,30015,类型,类型
10959,30007,类型,类型
10959,30013,类型,类型
10960,30002,类型,类型
10961,30002,类型,类型
10961,30027,类型,类型
10961,30017,类型,类型
10961,30021,类型,类型
10961,30010,类型,类型
10962,30026,类型,类型
10962,30009,类型,类型
10963,30002,类型,类型
10963,30026,类型,类型
10963,30010,类型,类型
10964,30024,类型,类型
10964,30007,类型,类型
10964,30004,类型,类型
10965,30024,类型,类型
10965,30009,类型,类型
10965,30029,类型,类型
10966,30002,类型,类型
10967,30002,类型,类型
10968,30026,类型,类型
10968,30009,类型,类型
10968,30029,类型,类型
10969,30002,类型,类型
10969,30014,类型,类型
10970,30002,类型,类型
10970,30018,类型,类型
10971,30002,类型,类型
10972,30002,类型,类型
10972,30015,类型,类型
10972,30011,类型,类型
10973,30018,类型,类型
10973,30007,类型,类型
10973,30029,类型,类型
10974,30002,类型,类型
10974,30016,类型,类型
10974,30029,类型,类型
10975,30016,类型,类型
10975,30026,类型,类型
10975,30029,类型,类型
10976,30002,类型,类型
10976,30004,类型,类型
10977,30006,类型,类型
10977,30026,类型,类型
10978,30024,类型,类型
10978,30018,类型,类型
10979,30016,类型,类型
10979,30026,类型,类型
10979,30012,类型,类型
10980,30016,类型,类型
10980,30026,类型,类型
10980,30009,类型,类型
10981,30002,类型,类型
10981,30016,类型,类型
10981,30026,类型,类型
10982,30016,类型,类型
10982,30024,类型,类型
10982,30026,类型,类型
10982,30029,类型,类型
10983,30026,类型,类型
10983,30009,类型,类型
10983,30029,类型,类型
10984,30002,类型,类型
10984,30029,类型,类型
10985,30002,类型,类型
10985,30006,类型,类型
10985,30014,类型,类型
10986,30002,类型,类型
10986,30015,类型,类型
10986,30007,类型,类型
10987,30002,类型,类型
10987,30009,类型,类型
10988,30002,类型,类型
10988,30006,类型,类型
10988,30017,类型,类型
10989,30002,类型,类型
10989,30024,类型,类型
10989,30001,类型,类型
10990,30002,类型,类型
10990,30004,类型,类型
10991,30002,类型,类型
10991,30016,类型,类型
10991,30006,类型,类型
10992,30002,类型,类型
10992,30004,类型,类型
10993,30016,类型,类型
10994,30002,类型,类型
10994,30006,类型,类型
10994,30011,类型,类型
10995,30002,类型,类型
10995,30016,类型,类型
10996,30016,类型,类型
10996,30024,类型,类型
10996,30018,类型,类型
10997,30002,类型,类型
10997,30014,类型,类型
10997,30029,类型,类型
10998,30002,类型,类型
10998,30006,类型,类型
10998,30021,类型,类型
10998,30010,类型,类型
10999,30002,类型,类型
10999,30006,类型,类型
10999,30015,类型,类型
10999,30010,类型,类型
11000,30002,类型,类型
11000,30015,类型,类型
11000,30004,类型,类型
11001,30002,类型,类型
11001,30004,类型,类型
11002,30002,类型,类型
11002,30014,类型,类型
11003,30002,类型,类型
11003,30017,类型,类型
11004,30002,类型,类型
11004,30006,类型,类型
11004,30017,类型,类型
11005,30024,类型,类型
11005,30018,类型,类型
11005,30015,类型,类型
11005,30007,类型,类型
11006,30002,类型,类型
11006,30006,类型,类型
11006,30009,类型,类型
11007,30002,类型,类型
11007,30016,类型,类型
11008,30016,类型,类型
11008,30012,类型,类型
11008,30005,类型,类型
11009,30002,类型,类型
11009,30006,类型,类型
11009,30012,类型,类型
11010,30002,类型,类型
11010,30006,类型,类型
11010,30011,类型,类型
11011,30002,类型,类型
11011,30007,类型,类型
11011,30004,类型,类型
11012,30002,类型,类型
11012,30015,类型,类型
11012,30004,类型,类型
11013,30002,类型,类型
11013,30004,类型,类型
11014,30002,类型,类型
11014,30007,类型,类型
11015,30002,类型,类型
11015,30014,类型,类型
11016,30002,类型,类型
11016,30026,类型,类型
11016,30003,类型,类型
11017,30002,类型,类型
11017,30018,类型,类型
11017,30007,类型,类型
11018,30002,类型,类型
11018,30004,类型,类型
11019,30024,类型,类型
11019,30029,类型,类型
11020,30002,类型,类型
11020,30015,类型,类型
11020,30004,类型,类型
11021,30002,类型,类型
11021,30007,类型,类型
11021,30021,类型,类型
11022,30015,类型,类型
11022,30007,类型,类型
11022,30013,类型,类型
11023,30024,类型,类型
11023,30018,类型,类型
11023,30007,类型,类型
11024,30002,类型,类型
11024,30016,类型,类型
11024,30014,类型,类型
11025,30016,类型,类型
11025,30026,类型,类型
11025,30029,类型,类型
11026,30002,类型,类型
11026,30017,类型,类型
11027,30016,类型,类型
11027,30026,类型,类型
11027,30029,类型,类型
11028,30002,类型,类型
11028,30006,类型,类型
11029,30002,类型,类型
11029,30024,类型,类型
11029,30004,类型,类型
11030,30002,类型,类型
11030,30024,类型,类型
11030,30004,类型,类型
11031,30015,类型,类型
11031,30007,类型,类型
11031,30004,类型,类型
11032,30002,类型,类型
11032,30006,类型,类型
11032,30010,类型,类型
11032,30005,类型,类型
11033,30016,类型,类型
11033,30006,类型,类型
11033,30012,类型,类型
11034,30002,类型,类型
11034,30006,类型,类型
11034,30011,类型,类型
11035,30002,类型,类型
11035,30007,类型,类型
11035,30004,类型,类型
11036,30024,类型,类型
11036,30018,类型,类型
11036,30015,类型,类型
11037,30002,类型,类型
11037,30016,类型,类型
11037,30006,类型,类型
11038,30002,类型,类型
11038,30003,类型,类型
11039,30016,类型,类型
11039,30010,类型,类型
11040,30002,类型,类型
11040,30014,类型,类型
11040,30017,类型,类型
11040,30008,类型,类型
11041,30002,类型,类型
11041,30016,类型,类型
11042,30002,类型,类型
11042,30017,类型,类型
11042,30021,类型,类型
11043,30002,类型,类型
11043,30007,类型,类型
11043,30009,类型,类型
11044,30002,类型,类型
11044,30015,类型,类型
11044,30013,类型,类型
11045,30002,类型,类型
11045,30024,类型,类型
11045,30001,类型,类型
11045,30022,类型,类型
11046,30024,类型,类型
11046,30018,类型,类型
11046,30007,类型,类型
11047,30016,类型,类型
11047,30014,类型,类型
11048,30002,类型,类型
11048,30007,类型,类型
11048,30004,类型,类型
11049,30016,类型,类型
11049,30006,类型,类型
11049,30026,类型,类型
11049,30009,类型,类型
11050,30002,类型,类型
11050,30006,类型,类型
11050,30030,类型,类型
11051,30024,类型,类型
11051,30018,类型,类型
11051,30029,类型,类型
11052,30002,类型,类型
11052,30027,类型,类型
11053,30002,类型,类型
11053,30016,类型,类型
11053,30006,类型,类型
11054,30002,类型,类型
11054,30021,类型,类型
11054,30010,类型,类型
11055,30002,类型,类型
11055,30006,类型,类型
11055,30009,类型,类型
11056,30002,类型,类型
11056,30008,类型,类型
11057,30002,类型,类型
11057,30006,类型,类型
11057,30015,类型,类型
11058,30002,类型,类型
11058,30008,类型,类型
11059,30015,类型,类型
11059,30007,类型,类型
11059,30004,类型,类型
11060,30007,类型,类型
11060,30004,类型,类型
11061,30024,类型,类型
11061,30026,类型,类型
11061,30015,类型,类型
11061,30007,类型,类型
11062,30018,类型,类型
11062,30015,类型,类型
11062,30007,类型,类型
11063,30002,类型,类型
11063,30017,类型,类型
11063,30025,类型,类型
11064,30016,类型,类型
11064,30009,类型,类型
11065,30015,类型,类型
11065,30007,类型,类型
11065,30013,类型,类型
11066,30002,类型,类型
11066,30026,类型,类型
11066,30029,类型,类型
11067,30002,类型,类型
11067,30024,类型,类型
11067,30004,类型,类型
11068,30002,类型,类型
11068,30016,类型,类型
11069,30002,类型,类型
11069,30015,类型,类型
11069,30007,类型,类型
11070,30016,类型,类型
11070,30026,类型,类型
11070,30029,类型,类型
11071,30002,类型,类型
11071,30015,类型,类型
11071,30004,类型,类型
11072,30002,类型,类型
11072,30016,类型,类型
11072,30027,类型,类型
11073,30002,类型,类型
11073,30016,类型,类型
11073,30006,类型,类型
11073,30009,类型,类型
11074,30002,类型,类型
11074,30016,类型,类型
11074,30014,类型,类型
11075,30026,类型,类型
11075,30015,类型,类型
11075,30029,类型,类型
11076,30016,类型,类型
11076,30026,类型,类型
11076,30029,类型,类型
11077,30015,类型,类型
11077,30007,类型,类型
11078,30002,类型,类型
11078,30016,类型,类型
11078,30006,类型,类型
11078,30004,类型,类型
11079,30002,类型,类型
11079,30021,类型,类型
11079,30010,类型,类型
11080,30002,类型,类型
11080,30024,类型,类型
11080,30006,类型,类型
11081,30002,类型,类型
11081,30024,类型,类型
11082,30016,类型,类型
11082,30026,类型,类型
11082,30009,类型,类型
11082,30029,类型,类型
11083,30016,类型,类型
11083,30026,类型,类型
11083,30029,类型,类型
11084,30016,类型,类型
11084,30026,类型,类型
11084,30015,类型,类型
11084,30004,类型,类型
11084,30029,类型,类型
11085,30002,类型,类型
11085,30006,类型,类型
11085,30026,类型,类型
11086,30002,类型,类型
11086,30026,类型,类型
11086,30015,类型,类型
11086,30004,类型,类型
11086,30029,类型,类型
11087,30002,类型,类型
11087,30007,类型,类型
11087,30021,类型,类型
11088,30024,类型,类型
11088,30007,类型,类型
11088,30004,类型,类型
11089,30002,类型,类型
11089,30017,类型,类型
11090,30016,类型,类型
11090,30004,类型,类型
11091,30002,类型,类型
11091,30010,类型,类型
11092,30002,类型,类型
11092,30016,类型,类型
11093,30016,类型,类型
11093,30012,类型,类型
11093,30004,类型,类型
11094,30016,类型,类型
11094,30018,类型,类型
11094,30026,类型,类型
11094,30014,类型,类型
11094,30029,类型,类型
11095,30002,类型,类型
11095,30024,类型,类型
11095,30029,类型,类型
11096,30002,类型,类型
11097,30016,类型,类型
11097,30018,类型,类型
11097,30029,类型,类型
11098,30002,类型,类型
11098,30024,类型,类型
11098,30004,类型,类型
11099,30016,类型,类型
11099,30026,类型,类型
11099,30015,类型,类型
11099,30014,类型,类型
11099,30029,类型,类型
11100,30002,类型,类型
11100,30006,类型,类型
11100,30009,类型,类型
11101,30015,类型,类型
11101,30007,类型,类型
11101,30004,类型,类型
11102,30002,类型,类型
11102,30006,类型,类型
11103,30002,类型,类型
11103,30014,类型,类型
11104,30024,类型,类型
11104,30007,类型,类型
11104,30004,类型,类型
11105,30002,类型,类型
11105,30004,类型,类型
11106,30002,类型,类型
11106,30015,类型,类型
11106,30007,类型,类型
11107,30002,类型,类型
11107,30014,类型,类型
11108,30002,类型,类型
11108,30006,类型,类型
11109,30002,类型,类型
11109,30007,类型,类型
11109,30004,类型,类型
11110,30006,类型,类型
11110,30026,类型,类型
11110,30012,类型,类型
11110,30014,类型,类型
11110,30009,类型,类型
11111,30002,类型,类型
11111,30024,类型,类型
11111,30029,类型,类型
11112,30002,类型,类型
11112,30006,类型,类型
11112,30027,类型,类型
11113,30002,类型,类型
11113,30024,类型,类型
11113,30004,类型,类型
11114,30002,类型,类型
11114,30015,类型,类型
11114,30004,类型,类型
11114,30009,类型,类型
11115,30002,类型,类型
11115,30007,类型,类型
11115,30021,类型,类型
11116,30002,类型,类型
11116,30014,类型,类型
11116,30003,类型,类型
11117,30002,类型,类型
11117,30024,类型,类型
11117,30007,类型,类型
11117,30004,类型,类型
11118,30002,类型,类型
11119,30018,类型,类型
11119,30007,类型,类型
11120,30002,类型,类型
11120,30004,类型,类型
11120,30005,类型,类型
11121,30002,类型,类型
11121,30006,类型,类型
11121,30001,类型,类型
11121,30022,类型,类型
11122,30002,类型,类型
11122,30006,类型,类型
11122,30010,类型,类型
11123,30016,类型,类型
11123,30006,类型,类型
11123,30026,类型,类型
11123,30012,类型,类型
11123,30009,类型,类型
11124,30002,类型,类型
11124,30018,类型,类型
11124,30015,类型,类型
11125,30002,类型,类型
11125,30014,类型,类型
11126,30002,类型,类型
11126,30024,类型,类型
11126,30006,类型,类型
11126,30015,类型,类型
11127,30002,类型,类型
11127,30009,类型,类型
11128,30002,类型,类型
11128,30006,类型,类型
11128,30011,类型,类型
11129,30002,类型,类型
11129,30021,类型,类型
11130,30002,类型,类型
11130,30007,类型,类型
11130,30017,类型,类型
11130,30021,类型,类型
11131,30016,类型,类型
11131,30026,类型,类型
11131,30029,类型,类型
11132,30002,类型,类型
11132,30006,类型,类型
11132,30009,类型,类型
11133,30002,类型,类型
11133,30006,类型,类型
11133,30010,类型,类型
11134,30026,类型,类型
11134,30015,类型,类型
11134,30029,类型,类型
11135,30024,类型,类型
11135,30007,类型,类型
11135,30004,类型,类型
11136,30016,类型,类型
11136,30026,类型,类型
11136,30029,类型,类型
11137,30016,类型,类型
11137,30026,类型,类型
11137,30009,类型,类型
11137,30029,类型,类型
11138,30002,类型,类型
11138,30014,类型,类型
11139,30002,类型,类型
11139,30006,类型,类型
11139,30030,类型,类型
11139,30017,类型,类型
11140,30018,类型,类型
11140,30013,类型,类型
11141,30002,类型,类型
11141,30017,类型,类型
11141,30021,类型,类型
11142,30016,类型,类型
11142,30026,类型,类型
11142,30029,类型,类型
11143,30002,类型,类型
11143,30015,类型,类型
11143,30007,类型,类型
11143,30004,类型,类型
11144,30002,类型,类型
11144,30017,类型,类型
11144,30029,类型,类型
11145,30002,类型,类型
11145,30021,类型,类型
11145,30010,类型,类型
11146,30026,类型,类型
11146,30009,类型,类型
11147,30002,类型,类型
11147,30014,类型,类型
11148,30026,类型,类型
11148,30009,类型,类型
11148,30029,类型,类型
11149,30002,类型,类型
11149,30006,类型,类型
11150,30026,类型,类型
11150,30007,类型,类型
11150,30009,类型,类型
11151,30002,类型,类型
11151,30006,类型,类型
11151,30010,类型,类型
11152,30024,类型,类型
11152,30007,类型,类型
11152,30029,类型,类型
11153,30002,类型,类型
11153,30004,类型,类型
11154,30002,类型,类型
11154,30017,类型,类型
11155,30002,类型,类型
11155,30006,类型,类型
11155,30014,类型,类型
11156,30024,类型,类型
11156,30021,类型,类型
11156,30010,类型,类型
11157,30002,类型,类型
11157,30018,类型,类型
11157,30015,类型,类型
11158,30002,类型,类型
11158,30014,类型,类型
11159,30002,类型,类型
11159,30026,类型,类型
11159,30009,类型,类型
11160,30016,类型,类型
11160,30024,类型,类型
11160,30029,类型,类型
11161,30002,类型,类型
11161,30016,类型,类型
11161,30006,类型,类型
11161,30014,类型,类型
11162,30002,类型,类型
11162,30016,类型,类型
11162,30006,类型,类型
11162,30011,类型,类型
11162,30014,类型,类型
11163,30002,类型,类型
11164,30002,类型,类型
11164,30026,类型,类型
11164,30014,类型,类型
11165,30002,类型,类型
11165,30026,类型,类型
11165,30009,类型,类型
11166,30002,类型,类型
11166,30004,类型,类型
11167,30002,类型,类型
11167,30007,类型,类型
11167,30029,类型,类型
11168,30024,类型,类型
11168,30018,类型,类型
11169,30002,类型,类型
11169,30016,类型,类型
11170,30024,类型,类型
11170,30018,类型,类型
11171,30002,类型,类型
11172,30002,类型,类型
11172,30014,类型,类型
11173,30002,类型,类型
11173,30006,类型,类型
11174,30024,类型,类型
11174,30018,类型,类型
11174,30007,类型,类型
11174,30004,类型,类型
11175,30002,类型,类型
11175,30017,类型,类型
11176,30002,类型,类型
11176,30026,类型,类型
11176,30017,类型,类型
11177,30002,类型,类型
11177,30014,类型,类型
11177,30003,类型,类型
11178,30002,类型,类型
11178,30024,类型,类型
11178,30018,类型,类型
11178,30007,类型,类型
11179,30002,类型,类型
11179,30004,类型,类型
11180,30002,类型,类型
11180,30004,类型,类型
11181,30002,类型,类型
11181,30006,类型,类型
11182,30024,类型,类型
11182,30015,类型,类型
11182,30007,类型,类型
11183,30018,类型,类型
11183,30007,类型,类型
11183,30029,类型,类型
11184,30002,类型,类型
11184,30024,类型,类型
11184,30018,类型,类型
11184,30007,类型,类型
11184,30004,类型,类型
11185,30024,类型,类型
11185,30009,类型,类型
11185,30029,类型,类型
11186,30002,类型,类型
11186,30018,类型,类型
11186,30029,类型,类型
11187,30024,类型,类型
11187,30009,类型,类型
11187,30029,类型,类型
11188,30002,类型,类型
11188,30016,类型,类型
11188,30006,类型,类型
11189,30016,类型,类型
11189,30026,类型,类型
11189,30014,类型,类型
11190,30002,类型,类型
11190,30018,类型,类型
11191,30024,类型,类型
11191,30007,类型,类型
11191,30029,类型,类型
11192,30002,类型,类型
11192,30016,类型,类型
11192,30006,类型,类型
11193,30002,类型,类型
11193,30006,类型,类型
11194,30016,类型,类型
11194,30026,类型,类型
11194,30029,类型,类型
11195,30002,类型,类型
11196,30006,类型,类型
11196,30011,类型,类型
11197,30002,类型,类型
11197,30024,类型,类型
11197,30007,类型,类型
11197,30004,类型,类型
11198,30016,类型,类型
11198,30009,类型,类型
11199,30002,类型,类型
11199,30007,类型,类型
11199,30010,类型,类型
11199,30004,类型,类型
11200,30024,类型,类型
11200,30009,类型,类型
11200,30029,类型,类型
11201,30002,类型,类型
11202,30002,类型,类型
11202,30006,类型,类型
11202,30018,类型,类型
11203,30002,类型,类型
11203,30014,类型,类型
11204,30002,类型,类型
11204,30006,类型,类型
11204,30001,类型,类型
11205,30026,类型,类型
11205,30009,类型,类型
11205,30029,类型,类型
11206,30002,类型,类型
11207,30002,类型,类型
11207,30006,类型,类型
11207,30026,类型,类型
11208,30002,类型,类型
11208,30024,类型,类型
11208,30018,类型,类型
11209,30002,类型,类型
11209,30014,类型,类型
11210,30026,类型,类型
11210,30009,类型,类型
11210,30029,类型,类型
11211,30002,类型,类型
11211,30009,类型,类型
11211,30029,类型,类型
11212,30026,类型,类型
11212,30009,类型,类型
11213,30016,类型,类型
11213,30009,类型,类型
11213,30029,类型,类型
11214,30002,类型,类型
11214,30016,类型,类型
11214,30004,类型,类型
11215,30002,类型,类型
11215,30010,类型,类型
11216,30002,类型,类型
11217,30002,类型,类型
11217,30004,类型,类型
11218,30002,类型,类型
11218,30027,类型,类型
11219,30016,类型,类型
11219,30024,类型,类型
11219,30026,类型,类型
11219,30029,类型,类型
11220,30002,类型,类型
11221,30002,类型,类型
11221,30015,类型,类型
11221,30004,类型,类型
11222,30002,类型,类型
11222,30006,类型,类型
11222,30009,类型,类型
11222,30022,类型,类型
11223,30002,类型,类型
11223,30016,类型,类型
11223,30014,类型,类型
11224,30002,类型,类型
11224,30006,类型,类型
11225,30002,类型,类型
11225,30006,类型,类型
11226,30002,类型,类型
11226,30006,类型,类型
11226,30004,类型,类型
11227,30002,类型,类型
11227,30006,类型,类型
11228,30016,类型,类型
11228,30026,类型,类型
11228,30014,类型,类型
11229,30002,类型,类型
11229,30006,类型,类型
11229,30021,类型,类型
11229,30010,类型,类型
11230,30016,类型,类型
11230,30026,类型,类型
11230,30029,类型,类型
11231,30002,类型,类型
11231,30024,类型,类型
11231,30009,类型,类型
11231,30029,类型,类型
11232,30002,类型,类型
11233,30002,类型,类型
11233,30021,类型,类型
11233,30010,类型,类型
11234,30002,类型,类型
11234,30016,类型,类型
11234,30006,类型,类型
11235,30024,类型,类型
11235,30007,类型,类型
11235,30004,类型,类型
11236,30002,类型,类型
11236,30024,类型,类型
11236,30018,类型,类型
11236,30007,类型,类型
11236,30004,类型,类型
11237,30002,类型,类型
11237,30006,类型,类型
11237,30030,类型,类型
11238,30002,类型,类型
11239,30002,类型,类型
11239,30024,类型,类型
11239,30009,类型,类型
11239,30029,类型,类型
11240,30002,类型,类型
11240,30024,类型,类型
11240,30018,类型,类型
11241,30016,类型,类型
11241,30026,类型,类型
11241,30003,类型,类型
11241,30009,类型,类型
11241,30029,类型,类型
11242,30016,类型,类型
11242,30024,类型,类型
11242,30029,类型,类型
11243,30002,类型,类型
11243,30016,类型,类型
11243,30024,类型,类型
11244,30002,类型,类型
11244,30015,类型,类型
11244,30004,类型,类型
11245,30002,类型,类型
11245,30012,类型,类型
11246,30002,类型,类型
11246,30016,类型,类型
11246,30004,类型,类型
11247,30002,类型,类型
11247,30015,类型,类型
11247,30007,类型,类型
11247,30004,类型,类型
11248,30016,类型,类型
11248,30026,类型,类型
11248,30029,类型,类型
11249,30002,类型,类型
11249,30015,类型,类型
11249,30007,类型,类型
11250,30002,类型,类型
11250,30016,类型,类型
11250,30029,类型,类型
11251,30002,类型,类型
11251,30017,类型,类型
11252,30002,类型,类型
11252,30014,类型,类型
11252,30003,类型,类型
11253,30002,类型,类型
11253,30006,类型,类型
11253,30011,类型,类型
11254,30016,类型,类型
11254,30026,类型,类型
11254,30029,类型,类型
11255,30002,类型,类型
11255,30017,类型,类型
11255,30021,类型,类型
11255,30010,类型,类型
11256,30002,类型,类型
11256,30024,类型,类型
11256,30018,类型,类型
11256,30007,类型,类型
11256,30004,类型,类型
11257,30002,类型,类型
11257,30024,类型,类型
11257,30018,类型,类型
11257,30007,类型,类型
11258,30002,类型,类型
11258,30016,类型,类型
11259,30002,类型,类型
11259,30016,类型,类型
11259,30026,类型,类型
11259,30029,类型,类型
11260,30024,类型,类型
11260,30018,类型,类型
11260,30026,类型,类型
11260,30029,类型,类型
11261,30006,类型,类型
11261,30018,类型,类型
11261,30026,类型,类型
11261,30029,类型,类型
11262,30002,类型,类型
11262,30009,类型,类型
11262,30029,类型,类型
11263,30002,类型,类型
11263,30018,类型,类型
11264,30002,类型,类型
11264,30018,类型,类型
11264,30029,类型,类型
11265,30002,类型,类型
11266,30002,类型,类型
11266,30016,类型,类型
11266,30006,类型,类型
11266,30012,类型,类型
11267,30002,类型,类型
11267,30016,类型,类型
11267,30006,类型,类型
11268,30002,类型,类型
11268,30024,类型,类型
11268,30018,类型,类型
11268,30008,类型,类型
11269,30002,类型,类型
11269,30014,类型,类型
11270,30002,类型,类型
11270,30016,类型,类型
11270,30026,类型,类型
11271,30002,类型,类型
11271,30006,类型,类型
11271,30011,类型,类型
11272,30002,类型,类型
11272,30018,类型,类型
11272,30004,类型,类型
11273,30002,类型,类型
11273,30014,类型,类型
11273,30009,类型,类型
11273,30029,类型,类型
11274,30024,类型,类型
11274,30015,类型,类型
11274,30007,类型,类型
11275,30016,类型,类型
11275,30006,类型,类型
11275,30027,类型,类型
11276,30002,类型,类型
11276,30021,类型,类型
11277,30024,类型,类型
11277,30009,类型,类型
11277,30029,类型,类型
11278,30024,类型,类型
11278,30018,类型,类型
11278,30007,类型,类型
11279,30024,类型,类型
11279,30018,类型,类型
11279,30029,类型,类型
11280,30016,类型,类型
11280,30024,类型,类型
11280,30018,类型,类型
11280,30029,类型,类型
11281,30024,类型,类型
11281,30018,类型,类型
11281,30029,类型,类型
11282,30009,类型,类型
11282,30029,类型,类型
11283,30002,类型,类型
11283,30016,类型,类型
11283,30011,类型,类型
11283,30017,类型,类型
11284,30002,类型,类型
11284,30029,类型,类型
11285,30002,类型,类型
11285,30006,类型,类型
11285,30027,类型,类型
11286,30006,类型,类型
11286,30026,类型,类型
11287,30026,类型,类型
11288,30009,类型,类型
11288,30029,类型,类型
11289,30024,类型,类型
11289,30018,类型,类型
11289,30007,类型,类型
11290,30002,类型,类型
11290,30011,类型,类型
11291,30002,类型,类型
11291,30006,类型,类型
11292,30016,类型,类型
11292,30024,类型,类型
11292,30029,类型,类型
11293,30016,类型,类型
11293,30004,类型,类型
11294,30024,类型,类型
11294,30009,类型,类型
11294,30029,类型,类型
11295,30016,类型,类型
11295,30024,类型,类型
11295,30026,类型,类型
11295,30029,类型,类型
11296,30024,类型,类型
11296,30026,类型,类型
11297,30016,类型,类型
11297,30006,类型,类型
11298,30002,类型,类型
11299,30024,类型,类型
11299,30007,类型,类型
11299,30029,类型,类型
11300,30002,类型,类型
11300,30018,类型,类型
11301,30002,类型,类型
11301,30016,类型,类型
11301,30017,类型,类型
11301,30021,类型,类型
11302,30016,类型,类型
11302,30026,类型,类型
11302,30009,类型,类型
11303,30026,类型,类型
11304,30002,类型,类型
11304,30018,类型,类型
11304,30007,类型,类型
11305,30016,类型,类型
11305,30024,类型,类型
11305,30029,类型,类型
11306,30007,类型,类型
11307,30024,类型,类型
11307,30004,类型,类型
11307,30029,类型,类型
11308,30018,类型,类型
11309,30002,类型,类型
11309,30017,类型,类型
11309,30021,类型,类型
11310,30002,类型,类型
11311,30024,类型,类型
11311,30021,类型,类型
11311,30010,类型,类型
11312,30002,类型,类型
11313,30024,类型,类型
11314,30002,类型,类型
11314,30006,类型,类型
11314,30009,类型,类型
11315,30016,类型,类型
11315,30026,类型,类型
11315,30012,类型,类型
11315,30029,类型,类型
11316,30002,类型,类型
11316,30024,类型,类型
11317,30024,类型,类型
11317,30018,类型,类型
11317,30029,类型,类型
11318,30016,类型,类型
11318,30024,类型,类型
11319,30002,类型,类型
11319,30017,类型,类型
11319,30004,类型,类型
11320,30002,类型,类型
11320,30011,类型,类型
11320,30017,类型,类型
11320,30004,类型,类型
11321,30002,类型,类型
11321,30016,类型,类型
11322,30002,类型,类型
11322,30006,类型,类型
11322,30011,类型,类型
11323,30002,类型,类型
11323,30017,类型,类型
11324,30024,类型,类型
11325,30002,类型,类型
11325,30016,类型,类型
11325,30017,类型,类型
11325,30004,类型,类型
11326,30004,类型,类型
11326,30005,类型,类型
11326,30029,类型,类型
11327,30002,类型,类型
11327,30006,类型,类型
11327,30027,类型,类型
11328,30002,类型,类型
11329,30002,类型,类型
11329,30029,类型,类型
11330,30016,类型,类型
11330,30024,类型,类型
11330,30009,类型,类型
11330,30029,类型,类型
11331,30002,类型,类型
11331,30016,类型,类型
11331,30004,类型,类型
11332,30016,类型,类型
11333,30002,类型,类型
11333,30006,类型,类型
11333,30004,类型,类型
11334,30027,类型,类型
11334,30017,类型,类型
11335,30026,类型,类型
11336,30002,类型,类型
11336,30017,类型,类型
11336,30010,类型,类型
11337,30002,类型,类型
11337,30007,类型,类型
11337,30004,类型,类型
11338,30002,类型,类型
11338,30017,类型,类型
11338,30021,类型,类型
11339,30002,类型,类型
11339,30016,类型,类型
11340,30016,类型,类型
11340,30007,类型,类型
11340,30009,类型,类型
11340,30029,类型,类型
11341,30002,类型,类型
11341,30021,类型,类型
11341,30025,类型,类型
11342,30002,类型,类型
11342,30016,类型,类型
11342,30004,类型,类型
11343,30024,类型,类型
11343,30010,类型,类型
11344,30016,类型,类型
11344,30024,类型,类型
11344,30029,类型,类型
11345,30002,类型,类型
11345,30016,类型,类型
11345,30017,类型,类型
11346,30002,类型,类型
11347,30009,类型,类型
11347,30029,类型,类型
11348,30016,类型,类型
11348,30006,类型,类型
11348,30012,类型,类型
11349,30002,类型,类型
11349,30021,类型,类型
11349,30004,类型,类型
11350,30002,类型,类型
11350,30024,类型,类型
11350,30004,类型,类型
11351,30002,类型,类型
11351,30004,类型,类型
11352,30002,类型,类型
11352,30024,类型,类型
11352,30007,类型,类型
11352,30004,类型,类型
11353,30017,类型,类型
11354,30026,类型,类型
11355,30027,类型,类型
11355,30017,类型,类型
11356,30002,类型,类型
11356,30007,类型,类型
11356,30004,类型,类型
11357,30002,类型,类型
11358,30002,类型,类型
11358,30007,类型,类型
11358,30009,类型,类型
11359,30002,类型,类型
11359,30016,类型,类型
11359,30007,类型,类型
11359,30004,类型,类型
11360,30024,类型,类型
11360,30018,类型,类型
11360,30029,类型,类型
11361,30024,类型,类型
11361,30029,类型,类型
11362,30017,类型,类型
11362,30021,类型,类型
11362,30010,类型,类型
11363,30006,类型,类型
11363,30025,类型,类型
11364,30016,类型,类型
11364,30014,类型,类型
11365,30002,类型,类型
11365,30016,类型,类型
11366,30002,类型,类型
11366,30030,类型,类型
11366,30011,类型,类型
11367,30002,类型,类型
11367,30016,类型,类型
11368,30002,类型,类型
11368,30027,类型,类型
11369,30002,类型,类型
11369,30017,类型,类型
11370,30002,类型,类型
11370,30024,类型,类型
11370,30017,类型,类型
11370,30021,类型,类型
11371,30002,类型,类型
11371,30007,类型,类型
11371,30004,类型,类型
11372,30002,类型,类型
11372,30024,类型,类型
11372,30007,类型,类型
11373,30002,类型,类型
11374,30002,类型,类型
11374,30006,类型,类型
11374,30011,类型,类型
11375,30002,类型,类型
11375,30011,类型,类型
11376,30016,类型,类型
11376,30006,类型,类型
11377,30016,类型,类型
11377,30024,类型,类型
11377,30026,类型,类型
11378,30016,类型,类型
11378,30006,类型,类型
11379,30016,类型,类型
11380,30024,类型,类型
11380,30018,类型,类型
11380,30026,类型,类型
11381,30026,类型,类型
11382,30002,类型,类型
11382,30021,类型,类型
11382,30004,类型,类型
11383,30016,类型,类型
11383,30024,类型,类型
11383,30018,类型,类型
11383,30003,类型,类型
11384,30016,类型,类型
11384,30006,类型,类型
11384,30018,类型,类型
11385,30016,类型,类型
11386,30002,类型,类型
11386,30007,类型,类型
11386,30004,类型,类型
11387,30007,类型,类型
11388,30016,类型,类型
11389,30002,类型,类型
11390,30002,类型,类型
11390,30016,类型,类型
11390,30009,类型,类型
11390,30029,类型,类型
11391,30002,类型,类型
11391,30006,类型,类型
11392,30016,类型,类型
11392,30006,类型,类型
11393,30002,类型,类型
11393,30016,类型,类型
11393,30024,类型,类型
11394,30024,类型,类型
11395,30018,类型,类型
11395,30007,类型,类型
11395,30004,类型,类型
11396,30002,类型,类型
11397,30002,类型,类型
11397,30011,类型,类型
11398,30002,类型,类型
11398,30024,类型,类型
11398,30010,类型,类型
11399,30016,类型,类型
11400,30024,类型,类型
11400,30018,类型,类型
11400,30026,类型,类型
11401,30002,类型,类型
11401,30017,类型,类型
11402,30024,类型,类型
11402,30004,类型,类型
11402,30029,类型,类型
11403,30002,类型,类型
11403,30007,类型,类型
11403,30009,类型,类型
11404,30002,类型,类型
11404,30007,类型,类型
11404,30012,类型,类型
11405,30016,类型,类型
11405,30006,类型,类型
11405,30009,类型,类型
11406,30002,类型,类型
11407,30024,类型,类型
11407,30007,类型,类型
11407,30004,类型,类型
11408,30002,类型,类型
11409,30002,类型,类型
11409,30026,类型,类型
11409,30009,类型,类型
11410,30016,类型,类型
11410,30026,类型,类型
11410,30012,类型,类型
11410,30029,类型,类型
11411,30016,类型,类型
11411,30026,类型,类型
11411,30009,类型,类型
11412,30002,类型,类型
11412,30004,类型,类型
11413,30002,类型,类型
11413,30006,类型,类型
11414,30026,类型,类型
11414,30009,类型,类型
11415,30006,类型,类型
11416,30016,类型,类型
11416,30026,类型,类型
11416,30029,类型,类型
11417,30002,类型,类型
11418,30002,类型,类型
11418,30016,类型,类型
11419,30024,类型,类型
11419,30018,类型,类型
11419,30007,类型,类型
11419,30029,类型,类型
11420,30002,类型,类型
11420,30016,类型,类型
11420,30006,类型,类型
11420,30011,类型,类型
11420,30012,类型,类型
11421,30002,类型,类型
11421,30011,类型,类型
11421,30017,类型,类型
11422,30002,类型,类型
11422,30008,类型,类型
11423,30012,类型,类型
11424,30016,类型,类型
11424,30008,类型,类型
11425,30002,类型,类型
11425,30016,类型,类型
11425,30029,类型,类型
11426,30002,类型,类型
11426,30016,类型,类型
11426,30006,类型,类型
11427,30024,类型,类型
11427,30018,类型,类型
11427,30029,类型,类型
10908,30002,类型,类型
10908,30016,类型,类型
10908,30012,类型,类型
11429,30016,类型,类型
11429,30007,类型,类型
11429,30004,类型,类型
11430,30002,类型,类型
11430,30017,类型,类型
11431,30026,类型,类型
11431,30009,类型,类型
11431,30029,类型,类型
11432,30024,类型,类型
11432,30018,类型,类型
11432,30029,类型,类型
11433,30016,类型,类型
11433,30006,类型,类型
11434,30002,类型,类型
11434,30016,类型,类型
11434,30014,类型,类型
11435,30016,类型,类型
11435,30006,类型,类型
11436,30002,类型,类型
11436,30027,类型,类型
11437,30002,类型,类型
11437,30021,类型,类型
11437,30025,类型,类型
11438,30002,类型,类型
11438,30016,类型,类型
11438,30017,类型,类型
11439,30016,类型,类型
11439,30006,类型,类型
11440,30016,类型,类型
11440,30006,类型,类型
11441,30002,类型,类型
11441,30006,类型,类型
11442,30016,类型,类型
11442,30009,类型,类型
11442,30022,类型,类型
11443,30002,类型,类型
11443,30009,类型,类型
11444,30002,类型,类型
11444,30004,类型,类型
11445,30016,类型,类型
11445,30026,类型,类型
11445,30014,类型,类型
11446,30006,类型,类型
11446,30009,类型,类型
11447,30016,类型,类型
11447,30006,类型,类型
11447,30009,类型,类型
11448,30016,类型,类型
11448,30006,类型,类型
11449,30016,类型,类型
11449,30026,类型,类型
11449,30029,类型,类型
11450,30002,类型,类型
11451,30016,类型,类型
11452,30002,类型,类型
11452,30009,类型,类型
11453,30002,类型,类型
11453,30006,类型,类型
11454,30002,类型,类型
11454,30018,类型,类型
11455,30016,类型,类型
11456,30002,类型,类型
11456,30024,类型,类型
11456,30021,类型,类型
11457,30016,类型,类型
11457,30024,类型,类型
11458,30002,类型,类型
11458,30016,类型,类型
11459,30002,类型,类型
11459,30016,类型,类型
11460,30016,类型,类型
11460,30024,类型,类型
11460,30026,类型,类型
11460,30029,类型,类型
11461,30002,类型,类型
11123,30006,类型,类型
11123,30012,类型,类型
11123,30009,类型,类型
11463,30002,类型,类型
11463,30024,类型,类型
11463,30008,类型,类型
11464,30002,类型,类型
11464,30021,类型,类型
11464,30010,类型,类型
11464,30025,类型,类型
11465,30002,类型,类型
11465,30014,类型,类型
11466,30016,类型,类型
11466,30026,类型,类型
11467,30002,类型,类型
11468,30002,类型,类型
11469,30002,类型,类型
11469,30016,类型,类型
11469,30006,类型,类型
11470,30002,类型,类型
11470,30025,类型,类型
11471,30002,类型,类型
11471,30014,类型,类型
11472,30024,类型,类型
11472,30004,类型,类型
11473,30002,类型,类型
11473,30024,类型,类型
11473,30018,类型,类型
11474,30002,类型,类型
11474,30015,类型,类型
11475,30002,类型,类型
11475,30014,类型,类型
11476,30002,类型,类型
11476,30006,类型,类型
11477,30024,类型,类型
11477,30009,类型,类型
11477,30029,类型,类型
11478,30026,类型,类型
11478,30009,类型,类型
11478,30029,类型,类型
11479,30002,类型,类型
11479,30006,类型,类型
11480,30002,类型,类型
11481,30002,类型,类型
11481,30006,类型,类型
11481,30014,类型,类型
11482,30002,类型,类型
11482,30012,类型,类型
11482,30017,类型,类型
11483,30016,类型,类型
11483,30026,类型,类型
11483,30029,类型,类型
11484,30002,类型,类型
11484,30006,类型,类型
11485,30002,类型,类型
11485,30006,类型,类型
11486,30016,类型,类型
11486,30024,类型,类型
11486,30026,类型,类型
11486,30029,类型,类型
11487,30002,类型,类型
11487,30014,类型,类型
11488,30016,类型,类型
11488,30006,类型,类型
11488,30013,类型,类型
11489,30002,类型,类型
11489,30016,类型,类型
11489,30014,类型,类型
11490,30016,类型,类型
11490,30026,类型,类型
11490,30029,类型,类型
11491,30026,类型,类型
11492,30016,类型,类型
11492,30006,类型,类型
11492,30014,类型,类型
11492,30003,类型,类型
11493,30002,类型,类型
11493,30024,类型,类型
11493,30007,类型,类型
11493,30004,类型,类型
11494,30002,类型,类型
11494,30006,类型,类型
11495,30002,类型,类型
11495,30014,类型,类型
11495,30003,类型,类型
11496,30006,类型,类型
11496,30009,类型,类型
11496,30029,类型,类型
11497,30002,类型,类型
11497,30016,类型,类型
11497,30027,类型,类型
11497,30014,类型,类型
11498,30002,类型,类型
11498,30016,类型,类型
11498,30006,类型,类型
11499,30002,类型,类型
11499,30014,类型,类型
11500,30002,类型,类型
11500,30016,类型,类型
11501,30002,类型,类型
11501,30011,类型,类型
11501,30014,类型,类型
11502,30016,类型,类型
11502,30026,类型,类型
11502,30029,类型,类型
11503,30016,类型,类型
11503,30006,类型,类型
11504,30002,类型,类型
11505,30002,类型,类型
11505,30007,类型,类型
11506,30002,类型,类型
11507,30016,类型,类型
11507,30026,类型,类型
11508,30002,类型,类型
11508,30014,类型,类型
11509,30002,类型,类型
11509,30006,类型,类型
11509,30009,类型,类型
11510,30009,类型,类型
11510,30029,类型,类型
11511,30002,类型,类型
11511,30003,类型,类型
11512,30002,类型,类型
11512,30016,类型,类型
11512,30010,类型,类型
11513,30002,类型,类型
11513,30016,类型,类型
11513,30006,类型,类型
11514,30016,类型,类型
11514,30026,类型,类型
11514,30029,类型,类型
11515,30006,类型,类型
11516,30016,类型,类型
11516,30024,类型,类型
11516,30004,类型,类型
11517,30002,类型,类型
11517,30016,类型,类型
11518,30016,类型,类型
11518,30014,类型,类型
11518,30003,类型,类型
11519,30016,类型,类型
11519,30006,类型,类型
11519,30029,类型,类型
11520,30002,类型,类型
11520,30016,类型,类型
11521,30024,类型,类型
11521,30029,类型,类型
11521,30025,类型,类型
11522,30016,类型,类型
11522,30008,类型,类型
11523,30002,类型,类型
11523,30006,类型,类型
11524,30016,类型,类型
11524,30026,类型,类型
11524,30014,类型,类型
11524,30029,类型,类型
11525,30002,类型,类型
11525,30016,类型,类型
11525,30006,类型,类型
11526,30002,类型,类型
11526,30016,类型,类型
11526,30006,类型,类型
11527,30002,类型,类型
11527,30016,类型,类型
11527,30027,类型,类型
11528,30002,类型,类型
11529,30002,类型,类型
11529,30014,类型,类型
11529,30008,类型,类型
11530,30016,类型,类型
11530,30026,类型,类型
11530,30009,类型,类型
11531,30016,类型,类型
11531,30006,类型,类型
11531,30026,类型,类型
11532,30002,类型,类型
11532,30016,类型,类型
11532,30026,类型,类型
11533,30002,类型,类型
11533,30006,类型,类型
11533,30027,类型,类型
11534,30002,类型,类型
11535,30002,类型,类型
11535,30006,类型,类型
11536,30006,类型,类型
11537,30016,类型,类型
11537,30006,类型,类型
11538,30002,类型,类型
11538,30014,类型,类型
11538,30025,类型,类型
11539,30002,类型,类型
11540,30016,类型,类型
11541,30002,类型,类型
11542,30002,类型,类型
11542,30006,类型,类型
11542,30009,类型,类型
11543,30002,类型,类型
11544,30002,类型,类型
11545,30002,类型,类型
11545,30029,类型,类型
11546,30016,类型,类型
11546,30018,类型,类型
11547,30016,类型,类型
11548,30002,类型,类型
11548,30016,类型,类型
11548,30024,类型,类型
11549,30016,类型,类型
11549,30014,类型,类型
11550,30002,类型,类型
11550,30006,类型,类型
11551,30016,类型,类型
11551,30006,类型,类型
11552,30002,类型,类型
11552,30014,类型,类型
11553,30002,类型,类型
11553,30014,类型,类型
11553,30004,类型,类型
11554,30002,类型,类型
11554,30016,类型,类型
11554,30010,类型,类型
11555,30002,类型,类型
11556,30006,类型,类型
11556,30009,类型,类型
11556,30029,类型,类型
11557,30002,类型,类型
11557,30003,类型,类型
11557,30029,类型,类型
11558,30002,类型,类型
11558,30026,类型,类型
11558,30014,类型,类型
11559,30016,类型,类型
11559,30024,类型,类型
11559,30009,类型,类型
11559,30029,类型,类型
11560,30002,类型,类型
11560,30011,类型,类型
11560,30017,类型,类型
11561,30002,类型,类型
11561,30014,类型,类型
11562,30002,类型,类型
11562,30006,类型,类型
11563,30002,类型,类型
11563,30014,类型,类型
11563,30029,类型,类型
11564,30002,类型,类型
11564,30026,类型,类型
11564,30010,类型,类型
11565,30002,类型,类型
11566,30002,类型,类型
11566,30016,类型,类型
11567,30002,类型,类型
11567,30006,类型,类型
11568,30002,类型,类型
11568,30006,类型,类型
11569,30006,类型,类型
11570,30016,类型,类型
11571,30002,类型,类型
11571,30016,类型,类型
11571,30014,类型,类型
11571,30009,类型,类型
11572,30002,类型,类型
11572,30016,类型,类型
11572,30029,类型,类型
11573,30016,类型,类型
11573,30006,类型,类型
11574,30002,类型,类型
11574,30016,类型,类型
11574,30006,类型,类型
11575,30002,类型,类型
11575,30006,类型,类型
11575,30004,类型,类型
11576,30018,类型,类型
11576,30015,类型,类型
11576,30004,类型,类型
11577,30016,类型,类型
11577,30009,类型,类型
11577,30029,类型,类型
11578,30002,类型,类型
11578,30016,类型,类型
11578,30006,类型,类型
11579,30016,类型,类型
11579,30006,类型,类型
11580,30002,类型,类型
11580,30004,类型,类型
11581,30002,类型,类型
11581,30006,类型,类型
11582,30002,类型,类型
11582,30006,类型,类型
11583,30002,类型,类型
11584,30024,类型,类型
11584,30026,类型,类型
11584,30009,类型,类型
11584,30029,类型,类型
11585,30016,类型,类型
11585,30026,类型,类型
11585,30029,类型,类型
11586,30016,类型,类型
11586,30009,类型,类型
11586,30029,类型,类型
11587,30002,类型,类型
11587,30024,类型,类型
11587,30014,类型,类型
11587,30008,类型,类型
11588,30006,类型,类型
11589,30002,类型,类型
11589,30014,类型,类型
11590,30002,类型,类型
11590,30006,类型,类型
11590,30004,类型,类型
11591,30002,类型,类型
11591,30016,类型,类型
11592,30002,类型,类型
11593,30002,类型,类型
11593,30006,类型,类型
11593,30009,类型,类型
11594,30002,类型,类型
11594,30014,类型,类型
11595,30026,类型,类型
11596,30002,类型,类型
11596,30014,类型,类型
11597,30002,类型,类型
11597,30006,类型,类型
11598,30002,类型,类型
11598,30014,类型,类型
11599,30016,类型,类型
11599,30006,类型,类型
11600,30016,类型,类型
11600,30009,类型,类型
11600,30029,类型,类型
11601,30006,类型,类型
11602,30002,类型,类型
11602,30016,类型,类型
11602,30018,类型,类型
11603,30026,类型,类型
11603,30009,类型,类型
11603,30029,类型,类型
11604,30026,类型,类型
11605,30002,类型,类型
11605,30016,类型,类型
11606,30016,类型,类型
11607,30002,类型,类型
11607,30016,类型,类型
11607,30006,类型,类型
11608,30016,类型,类型
11608,30014,类型,类型
11609,30016,类型,类型
11609,30024,类型,类型
11609,30006,类型,类型
11609,30018,类型,类型
11610,30002,类型,类型
11610,30024,类型,类型
11610,30029,类型,类型
11611,30006,类型,类型
11612,30002,类型,类型
11612,30016,类型,类型
11612,30009,类型,类型
11612,30029,类型,类型
11613,30002,类型,类型
11613,30016,类型,类型
11613,30014,类型,类型
11613,30009,类型,类型
11614,30002,类型,类型
11614,30016,类型,类型
11615,30002,类型,类型
11615,30006,类型,类型
11615,30026,类型,类型
11616,30002,类型,类型
11617,30002,类型,类型
11617,30006,类型,类型
11617,30009,类型,类型
11618,30002,类型,类型
11618,30006,类型,类型
11618,30014,类型,类型
11619,30002,类型,类型
11619,30006,类型,类型
11620,30002,类型,类型
11620,30014,类型,类型
11620,30029,类型,类型
11621,30016,类型,类型
11621,30006,类型,类型
11494,30002,类型,类型
11494,30006,类型,类型
11623,30006,类型,类型
11624,30002,类型,类型
11624,30016,类型,类型
11625,30002,类型,类型
11625,30006,类型,类型
11625,30017,类型,类型
11626,30016,类型,类型
11626,30004,类型,类型
11627,30002,类型,类型
11627,30014,类型,类型
11628,30002,类型,类型
11628,30014,类型,类型
11629,30016,类型,类型
11629,30024,类型,类型
11629,30029,类型,类型
11630,30016,类型,类型
11630,30014,类型,类型
11630,30003,类型,类型
11631,30002,类型,类型
11632,30002,类型,类型
11632,30006,类型,类型
11633,30002,类型,类型
11633,30024,类型,类型
11633,30017,类型,类型
11633,30021,类型,类型
11634,30016,类型,类型
11634,30006,类型,类型
11635,30002,类型,类型
11635,30026,类型,类型
11636,30016,类型,类型
11636,30006,类型,类型
11636,30011,类型,类型
11637,30016,类型,类型
11637,30014,类型,类型
11637,30009,类型,类型
11638,30002,类型,类型
11638,30014,类型,类型
11639,30016,类型,类型
11639,30026,类型,类型
11639,30014,类型,类型
11640,30002,类型,类型
11640,30006,类型,类型
11641,30002,类型,类型
11641,30006,类型,类型
11641,30009,类型,类型
11642,30002,类型,类型
11642,30026,类型,类型
11643,30002,类型,类型
11643,30016,类型,类型
11643,30006,类型,类型
11644,30016,类型,类型
11644,30006,类型,类型
11645,30002,类型,类型
11645,30016,类型,类型
11645,30006,类型,类型
11645,30014,类型,类型
11646,30016,类型,类型
11646,30006,类型,类型
11647,30002,类型,类型
11647,30016,类型,类型
11647,30003,类型,类型
11648,30016,类型,类型
11648,30026,类型,类型
11649,30002,类型,类型
11649,30003,类型,类型
11649,30009,类型,类型
11649,30029,类型,类型
11650,30002,类型,类型
11650,30016,类型,类型
11650,30014,类型,类型
11651,30002,类型,类型
11651,30006,类型,类型
11652,30002,类型,类型
11653,30024,类型,类型
11653,30006,类型,类型
11653,30009,类型,类型
11653,30029,类型,类型
11654,30024,类型,类型
11654,30018,类型,类型
11654,30029,类型,类型
11654,30025,类型,类型
11655,30016,类型,类型
11655,30026,类型,类型
11655,30009,类型,类型
11656,30016,类型,类型
11656,30026,类型,类型
11656,30029,类型,类型
11657,30016,类型,类型
11657,30006,类型,类型
11658,30002,类型,类型
11658,30024,类型,类型
11658,30018,类型,类型
11659,30002,类型,类型
11659,30006,类型,类型
11660,30002,类型,类型
11660,30007,类型,类型
11660,30025,类型,类型
11661,30002,类型,类型
11662,30002,类型,类型
11662,30026,类型,类型
11662,30014,类型,类型
11662,30009,类型,类型
11663,30002,类型,类型
11663,30006,类型,类型
11663,30021,类型,类型
11664,30016,类型,类型
11664,30026,类型,类型
11664,30009,类型,类型
11665,30002,类型,类型
11665,30006,类型,类型
11665,30026,类型,类型
11666,30002,类型,类型
11666,30006,类型,类型
11667,30016,类型,类型
11667,30006,类型,类型
11668,30016,类型,类型
11669,30002,类型,类型
11669,30026,类型,类型
11670,30002,类型,类型
11670,30006,类型,类型
11671,30016,类型,类型
11671,30006,类型,类型
10691,30002,类型,类型
10691,30006,类型,类型
11673,30002,类型,类型
11673,30026,类型,类型
11673,30009,类型,类型
11674,30002,类型,类型
11674,30016,类型,类型
11674,30006,类型,类型
11675,30016,类型,类型
11676,30016,类型,类型
11677,30002,类型,类型
11677,30016,类型,类型
11678,30006,类型,类型
11679,30016,类型,类型
11679,30026,类型,类型
11679,30009,类型,类型
11679,30029,类型,类型
11680,30002,类型,类型
11680,30006,类型,类型
11680,30015,类型,类型
11680,30009,类型,类型
11681,30002,类型,类型
11681,30015,类型,类型
11681,30004,类型,类型
11682,30024,类型,类型
11682,30018,类型,类型
11682,30029,类型,类型
11683,30024,类型,类型
11683,30018,类型,类型
11683,30029,类型,类型
11684,30002,类型,类型
11684,30024,类型,类型
11684,30004,类型,类型
11685,30024,类型,类型
11685,30009,类型,类型
11685,30029,类型,类型
11686,30024,类型,类型
11686,30018,类型,类型
11686,30029,类型,类型
11687,30024,类型,类型
11687,30018,类型,类型
11688,30016,类型,类型
11688,30024,类型,类型
11688,30015,类型,类型
11689,30024,类型,类型
11689,30018,类型,类型
11689,30009,类型,类型
11689,30029,类型,类型
11690,30024,类型,类型
11690,30018,类型,类型
11690,30029,类型,类型
11691,30016,类型,类型
11691,30024,类型,类型
11691,30018,类型,类型
11691,30029,类型,类型
11692,30002,类型,类型
11692,30024,类型,类型
11692,30006,类型,类型
11692,30017,类型,类型
11693,30002,类型,类型
11693,30009,类型,类型
11693,30029,类型,类型
11694,30002,类型,类型
11694,30024,类型,类型
11694,30029,类型,类型
11695,30005,类型,类型
11695,30029,类型,类型
11696,30024,类型,类型
11696,30018,类型,类型
11696,30009,类型,类型
11696,30029,类型,类型
11697,30002,类型,类型
11697,30024,类型,类型
11697,30004,类型,类型
11698,30002,类型,类型
11698,30006,类型,类型
11699,30002,类型,类型
11699,30015,类型,类型
11699,30004,类型,类型
11700,30024,类型,类型
11700,30009,类型,类型
11700,30029,类型,类型
11701,30002,类型,类型
11702,30002,类型,类型
11702,30018,类型,类型
11702,30013,类型,类型
11703,30024,类型,类型
11703,30018,类型,类型
11703,30026,类型,类型
11704,30002,类型,类型
11704,30024,类型,类型
11704,30009,类型,类型
11704,30029,类型,类型
11705,30024,类型,类型
11705,30018,类型,类型
11705,30029,类型,类型
11706,30002,类型,类型
11706,30004,类型,类型
11707,30002,类型,类型
11707,30015,类型,类型
11707,30007,类型,类型
11708,30002,类型,类型
11708,30024,类型,类型
11708,30015,类型,类型
11709,30018,类型,类型
11709,30007,类型,类型
11709,30025,类型,类型
11710,30006,类型,类型
11710,30027,类型,类型
11710,30009,类型,类型
11711,30024,类型,类型
11711,30007,类型,类型
11711,30029,类型,类型
11712,30024,类型,类型
11712,30018,类型,类型
11712,30013,类型,类型
11713,30002,类型,类型
11713,30006,类型,类型
11713,30014,类型,类型
11714,30016,类型,类型
11714,30024,类型,类型
11715,30024,类型,类型
11715,30007,类型,类型
11715,30004,类型,类型
11716,30016,类型,类型
11716,30024,类型,类型
11716,30006,类型,类型
11716,30022,类型,类型
11717,30024,类型,类型
11717,30018,类型,类型
11717,30029,类型,类型
11718,30002,类型,类型
11718,30024,类型,类型
11718,30001,类型,类型
11718,30022,类型,类型
11719,30016,类型,类型
11719,30024,类型,类型
11719,30006,类型,类型
11720,30002,类型,类型
11720,30024,类型,类型
11720,30017,类型,类型
11720,30008,类型,类型
11721,30024,类型,类型
11721,30018,类型,类型
11721,30029,类型,类型
11721,30025,类型,类型
11722,30002,类型,类型
11722,30016,类型,类型
11722,30017,类型,类型
11722,30004,类型,类型
11723,30002,类型,类型
11723,30024,类型,类型
11723,30010,类型,类型
11724,30002,类型,类型
11724,30024,类型,类型
11724,30007,类型,类型
11724,30004,类型,类型
11725,30024,类型,类型
11725,30018,类型,类型
11726,30016,类型,类型
11726,30024,类型,类型
11726,30001,类型,类型
11726,30022,类型,类型
11727,30002,类型,类型
11727,30004,类型,类型
11728,30016,类型,类型
11728,30024,类型,类型
11728,30006,类型,类型
11729,30002,类型,类型
11729,30024,类型,类型
11729,30017,类型,类型
11729,30021,类型,类型
11730,30024,类型,类型
11730,30009,类型,类型
11730,30029,类型,类型
11731,30016,类型,类型
11731,30024,类型,类型
11731,30001,类型,类型
11731,30022,类型,类型
11732,30024,类型,类型
11732,30018,类型,类型
11733,30015,类型,类型
11733,30007,类型,类型
11733,30013,类型,类型
11734,30002,类型,类型
11734,30009,类型,类型
11734,30029,类型,类型
11735,30024,类型,类型
11735,30018,类型,类型
11735,30029,类型,类型
11736,30002,类型,类型
11736,30024,类型,类型
11736,30010,类型,类型
11736,30029,类型,类型
11737,30002,类型,类型
11737,30006,类型,类型
11738,30002,类型,类型
11738,30021,类型,类型
11739,30009,类型,类型
11739,30029,类型,类型
11740,30002,类型,类型
11740,30006,类型,类型
11741,30024,类型,类型
11741,30018,类型,类型
11741,30029,类型,类型
11742,30024,类型,类型
11742,30018,类型,类型
11742,30029,类型,类型
11743,30016,类型,类型
11743,30024,类型,类型
11743,30029,类型,类型
11744,30024,类型,类型
11744,30018,类型,类型
11744,30009,类型,类型
11744,30029,类型,类型
11745,30024,类型,类型
11745,30009,类型,类型
11745,30029,类型,类型
11746,30002,类型,类型
11746,30006,类型,类型
11746,30009,类型,类型
11747,30024,类型,类型
11747,30009,类型,类型
11747,30029,类型,类型
11748,30024,类型,类型
11748,30018,类型,类型
11749,30002,类型,类型
11749,30018,类型,类型
11749,30007,类型,类型
11750,30024,类型,类型
11750,30009,类型,类型
11750,30029,类型,类型
11751,30024,类型,类型
11751,30018,类型,类型
11751,30029,类型,类型
11752,30024,类型,类型
11752,30018,类型,类型
11752,30029,类型,类型
11753,30002,类型,类型
11753,30016,类型,类型
11753,30017,类型,类型
11753,30008,类型,类型
11754,30002,类型,类型
11754,30011,类型,类型
11755,30024,类型,类型
11755,30018,类型,类型
11755,30029,类型,类型
11756,30016,类型,类型
11756,30024,类型,类型
11756,30004,类型,类型
11757,30002,类型,类型
11757,30006,类型,类型
11757,30030,类型,类型
11758,30002,类型,类型
11758,30007,类型,类型
11758,30004,类型,类型
11759,30016,类型,类型
11760,30002,类型,类型
11760,30016,类型,类型
11761,30002,类型,类型
11761,30017,类型,类型
11762,30016,类型,类型
11763,30002,类型,类型
11764,30018,类型,类型
11764,30007,类型,类型
11765,30002,类型,类型
11765,30006,类型,类型
11765,30011,类型,类型
11765,30017,类型,类型
11766,30002,类型,类型
11767,30002,类型,类型
11768,30002,类型,类型
11768,30004,类型,类型
11769,30002,类型,类型
11769,30004,类型,类型
11770,30002,类型,类型
11770,30006,类型,类型
11770,30017,类型,类型
11771,30002,类型,类型
11771,30021,类型,类型
11771,30010,类型,类型
11772,30002,类型,类型
11772,30006,类型,类型
11773,30024,类型,类型
11773,30007,类型,类型
11773,30004,类型,类型
11774,30002,类型,类型
11775,30002,类型,类型
11775,30006,类型,类型
11775,30007,类型,类型
11776,30016,类型,类型
11776,30009,类型,类型
11777,30016,类型,类型
11777,30026,类型,类型
11777,30029,类型,类型
11778,30002,类型,类型
11778,30007,类型,类型
11778,30004,类型,类型
11779,30006,类型,类型
11779,30007,类型,类型
11780,30002,类型,类型
11781,30002,类型,类型
11781,30017,类型,类型
11781,30010,类型,类型
11782,30018,类型,类型
11782,30007,类型,类型
11783,30016,类型,类型
11784,30002,类型,类型
11784,30016,类型,类型
11784,30018,类型,类型
11785,30002,类型,类型
11785,30021,类型,类型
11785,30010,类型,类型
11786,30002,类型,类型
11786,30014,类型,类型
11787,30002,类型,类型
11787,30011,类型,类型
11787,30017,类型,类型
11788,30016,类型,类型
11788,30004,类型,类型
11789,30024,类型,类型
11789,30029,类型,类型
11790,30002,类型,类型
11790,30029,类型,类型
11791,30002,类型,类型
11791,30006,类型,类型
11791,30011,类型,类型
11791,30008,类型,类型
11792,30016,类型,类型
11792,30024,类型,类型
11793,30006,类型,类型
11793,30017,类型,类型
11794,30016,类型,类型
11794,30026,类型,类型
11794,30009,类型,类型
11794,30029,类型,类型
11795,30024,类型,类型
11795,30018,类型,类型
11795,30007,类型,类型
11795,30004,类型,类型
11796,30016,类型,类型
11796,30006,类型,类型
11797,30016,类型,类型
11797,30006,类型,类型
11798,30002,类型,类型
11798,30014,类型,类型
11798,30017,类型,类型
11799,30002,类型,类型
11799,30026,类型,类型
11800,30002,类型,类型
11801,30002,类型,类型
11801,30016,类型,类型
11801,30004,类型,类型
11802,30018,类型,类型
11803,30018,类型,类型
11803,30007,类型,类型
11804,30016,类型,类型
11804,30014,类型,类型
11805,30016,类型,类型
11805,30026,类型,类型
11805,30029,类型,类型
11806,30002,类型,类型
11806,30007,类型,类型
11807,30024,类型,类型
11807,30009,类型,类型
11807,30029,类型,类型
11808,30002,类型,类型
11808,30005,类型,类型
11809,30016,类型,类型
11809,30027,类型,类型
11810,30002,类型,类型
11810,30021,类型,类型
11810,30010,类型,类型
11811,30002,类型,类型
11811,30004,类型,类型
11812,30002,类型,类型
11813,30002,类型,类型
11813,30006,类型,类型
11813,30011,类型,类型
11814,30002,类型,类型
11815,30002,类型,类型
11815,30011,类型,类型
11816,30016,类型,类型
11816,30011,类型,类型
11816,30017,类型,类型
11816,30008,类型,类型
11817,30002,类型,类型
11817,30008,类型,类型
11818,30002,类型,类型
11818,30006,类型,类型
11818,30011,类型,类型
11819,30016,类型,类型
11819,30006,类型,类型
11819,30018,类型,类型
11819,30027,类型,类型
11820,30002,类型,类型
11820,30006,类型,类型
11820,30021,类型,类型
11822,30002,类型,类型
11822,30014,类型,类型
11823,30024,类型,类型
11823,30007,类型,类型
11824,30016,类型,类型
11825,30024,类型,类型
11825,30004,类型,类型
11825,30009,类型,类型
11826,30002,类型,类型
11826,30007,类型,类型
11826,30010,类型,类型
11827,30002,类型,类型
11828,30024,类型,类型
11828,30018,类型,类型
11828,30029,类型,类型
11829,30002,类型,类型
11829,30014,类型,类型
11829,30017,类型,类型
11829,30021,类型,类型
11830,30002,类型,类型
11830,30016,类型,类型
11830,30027,类型,类型
11831,30016,类型,类型
11832,30016,类型,类型
11832,30027,类型,类型
11833,30002,类型,类型
11833,30021,类型,类型
11833,30004,类型,类型
11834,30002,类型,类型
11834,30006,类型,类型
11835,30002,类型,类型
11835,30006,类型,类型
11835,30008,类型,类型
11836,30002,类型,类型
11837,30024,类型,类型
11837,30026,类型,类型
11838,30024,类型,类型
11838,30007,类型,类型
11838,30004,类型,类型
11839,30002,类型,类型
11839,30017,类型,类型
11839,30021,类型,类型
11840,30024,类型,类型
11840,30007,类型,类型
11840,30004,类型,类型
11841,30002,类型,类型
11842,30002,类型,类型
11843,30016,类型,类型
11843,30024,类型,类型
11843,30017,类型,类型
11843,30004,类型,类型
11844,30024,类型,类型
11844,30009,类型,类型
11844,30029,类型,类型
11845,30002,类型,类型
11845,30016,类型,类型
11845,30017,类型,类型
11846,30002,类型,类型
11846,30021,类型,类型
11847,30016,类型,类型
11847,30010,类型,类型
11847,30004,类型,类型
11848,30024,类型,类型
11848,30007,类型,类型
11848,30004,类型,类型
11849,30002,类型,类型
11849,30021,类型,类型
11849,30010,类型,类型
11850,30024,类型,类型
11850,30018,类型,类型
11850,30025,类型,类型
11851,30024,类型,类型
11851,30018,类型,类型
11851,30029,类型,类型
11852,30024,类型,类型
11852,30009,类型,类型
11852,30029,类型,类型
11853,30024,类型,类型
11853,30018,类型,类型
11853,30029,类型,类型
11854,30002,类型,类型
11854,30014,类型,类型
11855,30024,类型,类型
11855,30029,类型,类型
11856,30024,类型,类型
11856,30009,类型,类型
11856,30029,类型,类型
11857,30024,类型,类型
11857,30029,类型,类型
11858,30002,类型,类型
11858,30016,类型,类型
11858,30017,类型,类型
11859,30016,类型,类型
11859,30014,类型,类型
11860,30002,类型,类型
11860,30016,类型,类型
11861,30002,类型,类型
11861,30016,类型,类型
11862,30016,类型,类型
11863,30016,类型,类型
11863,30024,类型,类型
11863,30026,类型,类型
11863,30029,类型,类型
11864,30016,类型,类型
11865,30016,类型,类型
11865,30029,类型,类型
11866,30016,类型,类型
11867,30002,类型,类型
11867,30016,类型,类型
11867,30008,类型,类型
11868,30016,类型,类型
11869,30016,类型,类型
11869,30024,类型,类型
11870,30016,类型,类型
11870,30024,类型,类型
11870,30013,类型,类型
11871,30002,类型,类型
11871,30016,类型,类型
11871,30010,类型,类型
11872,30016,类型,类型
11873,30002,类型,类型
11873,30016,类型,类型
11873,30006,类型,类型
11874,30016,类型,类型
11875,30016,类型,类型
11875,30029,类型,类型
11876,30016,类型,类型
11877,30016,类型,类型
11877,30006,类型,类型
11878,30016,类型,类型
11879,30016,类型,类型
11879,30024,类型,类型
11879,30004,类型,类型
11880,30016,类型,类型
11880,30006,类型,类型
11880,30009,类型,类型
11881,30002,类型,类型
11881,30016,类型,类型
11881,30014,类型,类型
11882,30016,类型,类型
11883,30002,类型,类型
11883,30016,类型,类型
11883,30008,类型,类型
11884,30016,类型,类型
11885,30016,类型,类型
11885,30026,类型,类型
11885,30029,类型,类型
11886,30016,类型,类型
11886,30006,类型,类型
11887,30016,类型,类型
11887,30026,类型,类型
11887,30029,类型,类型
11888,30016,类型,类型
11889,30016,类型,类型
11889,30030,类型,类型
11890,30016,类型,类型
11890,30006,类型,类型
11891,30002,类型,类型
11891,30016,类型,类型
11891,30006,类型,类型
11892,30016,类型,类型
11893,30002,类型,类型
11893,30016,类型,类型
11894,30002,类型,类型
11894,30016,类型,类型
11895,30002,类型,类型
11895,30016,类型,类型
11896,30016,类型,类型
11897,30024,类型,类型
11897,30018,类型,类型
11898,30024,类型,类型
11898,30018,类型,类型
11898,30026,类型,类型
11899,30024,类型,类型
11899,30018,类型,类型
11899,30026,类型,类型
11900,30024,类型,类型
11900,30018,类型,类型
11900,30025,类型,类型
11901,30002,类型,类型
11901,30018,类型,类型
11902,30018,类型,类型
11902,30007,类型,类型
11903,30018,类型,类型
11903,30007,类型,类型
11904,30018,类型,类型
11904,30007,类型,类型
11905,30024,类型,类型
11905,30018,类型,类型
11905,30026,类型,类型
11906,30024,类型,类型
11906,30018,类型,类型
11906,30026,类型,类型
11907,30018,类型,类型
11907,30026,类型,类型
11908,30024,类型,类型
11908,30018,类型,类型
11908,30007,类型,类型
11909,30018,类型,类型
11909,30026,类型,类型
11910,30002,类型,类型
11910,30018,类型,类型
11911,30018,类型,类型
11911,30007,类型,类型
11912,30002,类型,类型
11912,30018,类型,类型
11913,30018,类型,类型
11913,30007,类型,类型
11914,30024,类型,类型
11914,30018,类型,类型
11914,30026,类型,类型
11915,30024,类型,类型
11915,30018,类型,类型
11915,30010,类型,类型
11916,30018,类型,类型
11917,30018,类型,类型
11917,30007,类型,类型
11918,30024,类型,类型
11918,30018,类型,类型
11919,30002,类型,类型
11919,30018,类型,类型
11919,30007,类型,类型
11920,30018,类型,类型
11921,30024,类型,类型
11921,30018,类型,类型
11921,30029,类型,类型
11922,30024,类型,类型
11922,30018,类型,类型
11923,30018,类型,类型
11923,30026,类型,类型
11923,30025,类型,类型
11924,30018,类型,类型
11924,30007,类型,类型
11925,30024,类型,类型
11925,30018,类型,类型
11925,30026,类型,类型
11925,30015,类型,类型
11925,30004,类型,类型
11926,30018,类型,类型
11927,30018,类型,类型
11927,30026,类型,类型
11927,30029,类型,类型
11928,30002,类型,类型
11928,30024,类型,类型
11928,30018,类型,类型
11928,30026,类型,类型
11929,30018,类型,类型
11929,30026,类型,类型
11929,30029,类型,类型
11930,30024,类型,类型
11930,30018,类型,类型
11930,30007,类型,类型
11931,30018,类型,类型
11931,30007,类型,类型
11932,30024,类型,类型
11932,30018,类型,类型
11932,30013,类型,类型
11933,30024,类型,类型
11933,30018,类型,类型
11933,30026,类型,类型
11934,30006,类型,类型
11934,30018,类型,类型
11935,30002,类型,类型
11935,30018,类型,类型
11936,30018,类型,类型
11936,30007,类型,类型
11937,30018,类型,类型
11937,30029,类型,类型
11938,30002,类型,类型
11938,30018,类型,类型
11938,30007,类型,类型
11939,30018,类型,类型
11939,30007,类型,类型
11939,30029,类型,类型
11940,30024,类型,类型
11940,30018,类型,类型
11940,30026,类型,类型
11941,30024,类型,类型
11941,30018,类型,类型
11942,30018,类型,类型
11942,30007,类型,类型
11943,30018,类型,类型
11943,30025,类型,类型
11944,30018,类型,类型
11945,30024,类型,类型
11945,30018,类型,类型
11946,30002,类型,类型
11946,30018,类型,类型
11946,30007,类型,类型
11947,30018,类型,类型
11947,30026,类型,类型
11420,30002,类型,类型
11420,30016,类型,类型
11420,30006,类型,类型
11949,30002,类型,类型
11949,30006,类型,类型
11950,30002,类型,类型
11950,30006,类型,类型
11951,30006,类型,类型
11951,30009,类型,类型
11952,30002,类型,类型
11952,30006,类型,类型
11953,30002,类型,类型
11953,30006,类型,类型
11953,30029,类型,类型
11954,30016,类型,类型
11954,30006,类型,类型
11954,30026,类型,类型
11955,30002,类型,类型
11955,30006,类型,类型
11955,30007,类型,类型
11956,30002,类型,类型
11956,30006,类型,类型
11957,30016,类型,类型
11957,30006,类型,类型
11957,30009,类型,类型
11958,30002,类型,类型
11958,30006,类型,类型
11958,30017,类型,类型
11959,30006,类型,类型
11959,30030,类型,类型
11960,30002,类型,类型
11960,30006,类型,类型
11961,30002,类型,类型
11961,30016,类型,类型
11961,30006,类型,类型
11962,30002,类型,类型
11962,30006,类型,类型
11962,30021,类型,类型
11963,30002,类型,类型
11963,30006,类型,类型
11963,30027,类型,类型
11964,30002,类型,类型
11964,30016,类型,类型
11964,30006,类型,类型
11965,30016,类型,类型
11965,30006,类型,类型
11965,30017,类型,类型
11966,30006,类型,类型
11967,30016,类型,类型
11967,30006,类型,类型
11967,30018,类型,类型
11968,30006,类型,类型
11969,30002,类型,类型
11969,30006,类型,类型
11969,30017,类型,类型
11970,30002,类型,类型
11970,30006,类型,类型
11970,30011,类型,类型
11971,30002,类型,类型
11971,30016,类型,类型
11971,30006,类型,类型
11972,30002,类型,类型
11972,30006,类型,类型
11972,30011,类型,类型
11973,30006,类型,类型
11973,30011,类型,类型
11974,30002,类型,类型
11974,30006,类型,类型
11974,30009,类型,类型
11975,30006,类型,类型
11975,30009,类型,类型
11976,30006,类型,类型
11977,30002,类型,类型
11977,30006,类型,类型
11978,30016,类型,类型
11978,30024,类型,类型
11978,30006,类型,类型
11979,30002,类型,类型
11979,30016,类型,类型
11979,30006,类型,类型
11980,30002,类型,类型
11980,30006,类型,类型
11981,30002,类型,类型
11981,30016,类型,类型
11981,30006,类型,类型
11981,30018,类型,类型
11982,30016,类型,类型
11982,30006,类型,类型
11983,30006,类型,类型
11983,30025,类型,类型
11984,30006,类型,类型
11984,30014,类型,类型
11985,30002,类型,类型
11985,30006,类型,类型
10878,30006,类型,类型
11987,30002,类型,类型
11987,30006,类型,类型
11987,30011,类型,类型
11988,30002,类型,类型
11988,30016,类型,类型
11988,30006,类型,类型
11989,30016,类型,类型
11989,30006,类型,类型
11990,30006,类型,类型
11990,30007,类型,类型
11990,30011,类型,类型
11991,30006,类型,类型
11991,30011,类型,类型
11992,30016,类型,类型
11992,30006,类型,类型
11992,30027,类型,类型
11993,30002,类型,类型
11993,30016,类型,类型
11993,30006,类型,类型
11994,30002,类型,类型
11994,30006,类型,类型
11994,30014,类型,类型
11995,30002,类型,类型
11995,30006,类型,类型
11995,30009,类型,类型
11995,30029,类型,类型
11996,30006,类型,类型
11996,30011,类型,类型
11997,30016,类型,类型
11997,30006,类型,类型
11998,30006,类型,类型
11998,30011,类型,类型
11999,30002,类型,类型
11999,30006,类型,类型
12000,30006,类型,类型
12000,30007,类型,类型
12000,30004,类型,类型
12001,30002,类型,类型
12001,30006,类型,类型
12002,30002,类型,类型
12002,30006,类型,类型
12002,30011,类型,类型
12003,30016,类型,类型
12003,30006,类型,类型
12004,30006,类型,类型
12005,30002,类型,类型
12005,30006,类型,类型
12006,30006,类型,类型
12007,30002,类型,类型
12007,30016,类型,类型
12007,30006,类型,类型
12008,30006,类型,类型
12009,30006,类型,类型
12010,30002,类型,类型
12010,30006,类型,类型
12010,30007,类型,类型
12011,30002,类型,类型
12011,30006,类型,类型
12012,30016,类型,类型
12012,30006,类型,类型
12013,30002,类型,类型
12013,30006,类型,类型
12013,30011,类型,类型
12014,30002,类型,类型
12014,30006,类型,类型
12015,30002,类型,类型
12015,30016,类型,类型
12015,30006,类型,类型
12015,30027,类型,类型
12016,30002,类型,类型
12016,30006,类型,类型
12016,30011,类型,类型
12017,30016,类型,类型
12017,30006,类型,类型
12017,30014,类型,类型
12018,30002,类型,类型
12018,30006,类型,类型
12019,30002,类型,类型
12019,30006,类型,类型
12019,30026,类型,类型
12020,30016,类型,类型
12020,30006,类型,类型
12021,30006,类型,类型
12021,30009,类型,类型
12022,30002,类型,类型
12022,30006,类型,类型
12022,30011,类型,类型
12023,30016,类型,类型
12023,30006,类型,类型
12024,30002,类型,类型
12024,30006,类型,类型
12025,30006,类型,类型
12026,30002,类型,类型
12026,30006,类型,类型
12027,30016,类型,类型
12027,30006,类型,类型
12028,30002,类型,类型
12028,30026,类型,类型
12030,30002,类型,类型
12031,30002,类型,类型
12031,30026,类型,类型
12031,30009,类型,类型
12032,30002,类型,类型
12033,30026,类型,类型
12033,30009,类型,类型
12033,30029,类型,类型
12034,30026,类型,类型
12034,30009,类型,类型
12035,30024,类型,类型
12035,30026,类型,类型
12036,30002,类型,类型
12037,30024,类型,类型
12037,30004,类型,类型
12038,30024,类型,类型
12039,30002,类型,类型
12040,30016,类型,类型
12040,30024,类型,类型
12040,30010,类型,类型
12041,30024,类型,类型
12041,30026,类型,类型
12042,30002,类型,类型
12043,30026,类型,类型
12043,30009,类型,类型
12043,30029,类型,类型
12044,30026,类型,类型
12044,30025,类型,类型
12045,30002,类型,类型
12046,30002,类型,类型
12047,30002,类型,类型
12048,30026,类型,类型
12049,30002,类型,类型
12050,30002,类型,类型
12050,30006,类型,类型
12051,30002,类型,类型
12052,30002,类型,类型
12053,30002,类型,类型
12054,30002,类型,类型
12055,30002,类型,类型
12056,30002,类型,类型
12056,30011,类型,类型
12057,30002,类型,类型
12057,30016,类型,类型
12057,30026,类型,类型
12057,30010,类型,类型
12059,30002,类型,类型
12059,30004,类型,类型
12060,30026,类型,类型
12060,30009,类型,类型
12060,30029,类型,类型
12061,30016,类型,类型
12062,30016,类型,类型
12063,30002,类型,类型
12063,30014,类型,类型
12064,30002,类型,类型
12065,30024,类型,类型
12066,30024,类型,类型
12067,30024,类型,类型
12067,30018,类型,类型
12064,30002,类型,类型
12069,30002,类型,类型
12070,30002,类型,类型
12071,30002,类型,类型
12072,30002,类型,类型
12072,30004,类型,类型
12073,30002,类型,类型
12074,30002,类型,类型
12075,30002,类型,类型
12076,30002,类型,类型
12077,30002,类型,类型
12077,30008,类型,类型
12078,30002,类型,类型
12079,30002,类型,类型
12079,30007,类型,类型
12079,30004,类型,类型
12080,30002,类型,类型
12080,30016,类型,类型
12080,30027,类型,类型
12081,30024,类型,类型
12081,30029,类型,类型
12082,30002,类型,类型
12083,30002,类型,类型
12084,30002,类型,类型
12085,30002,类型,类型
12085,30016,类型,类型
12086,30016,类型,类型
12087,30002,类型,类型
12088,30024,类型,类型
12088,30009,类型,类型
12088,30029,类型,类型
12089,30002,类型,类型
12089,30004,类型,类型
12090,30002,类型,类型
12091,30002,类型,类型
12092,30002,类型,类型
12092,30007,类型,类型
12092,30004,类型,类型
12093,30002,类型,类型
12093,30007,类型,类型
12093,30009,类型,类型
12094,30002,类型,类型
12095,30002,类型,类型
12096,30002,类型,类型
12096,30007,类型,类型
12097,30002,类型,类型
12098,30026,类型,类型
12098,30009,类型,类型
12099,30016,类型,类型
12100,30002,类型,类型
12101,30002,类型,类型
12103,30016,类型,类型
12103,30014,类型,类型
12104,30016,类型,类型
12104,30008,类型,类型
12105,30002,类型,类型
12105,30016,类型,类型
12106,30024,类型,类型
12107,30002,类型,类型
12108,30002,类型,类型
12109,30002,类型,类型
12110,30002,类型,类型
12110,30014,类型,类型
12111,30002,类型,类型
12111,30016,类型,类型
12112,30002,类型,类型
12113,30004,类型,类型
12114,30024,类型,类型
12114,30009,类型,类型
12114,30029,类型,类型
12115,30021,类型,类型
12115,30010,类型,类型
12116,30002,类型,类型
12116,30004,类型,类型
12117,30002,类型,类型
12117,30024,类型,类型
12117,30009,类型,类型
12118,30026,类型,类型
12118,30009,类型,类型
12119,30026,类型,类型
12119,30009,类型,类型
12119,30029,类型,类型
12120,30002,类型,类型
12121,30026,类型,类型
12121,30009,类型,类型
12122,30002,类型,类型
12122,30026,类型,类型
12122,30027,类型,类型
12123,30026,类型,类型
12123,30009,类型,类型
12123,30029,类型,类型
12124,30002,类型,类型
12125,30024,类型,类型
12125,30007,类型,类型
12125,30004,类型,类型
12126,30024,类型,类型
12126,30026,类型,类型
12126,30009,类型,类型
12127,30024,类型,类型
12127,30004,类型,类型
12127,30029,类型,类型
12128,30024,类型,类型
12128,30007,类型,类型
12128,30004,类型,类型
12129,30002,类型,类型
12129,30024,类型,类型
12129,30009,类型,类型
12130,30024,类型,类型
12131,30024,类型,类型
12131,30001,类型,类型
12132,30002,类型,类型
12132,30024,类型,类型
12133,30024,类型,类型
12133,30007,类型,类型
12133,30029,类型,类型
12134,30024,类型,类型
12135,30002,类型,类型
12135,30024,类型,类型
12135,30007,类型,类型
12135,30021,类型,类型
12136,30024,类型,类型
12136,30007,类型,类型
12137,30024,类型,类型
12137,30022,类型,类型
12138,30002,类型,类型
12138,30024,类型,类型
12138,30007,类型,类型
12138,30004,类型,类型
12138,30029,类型,类型
12139,30024,类型,类型
12139,30004,类型,类型
12139,30029,类型,类型
12140,30024,类型,类型
12140,30022,类型,类型
12141,30016,类型,类型
12141,30024,类型,类型
12141,30006,类型,类型
12142,30002,类型,类型
12142,30024,类型,类型
12143,30016,类型,类型
12143,30024,类型,类型
12143,30026,类型,类型
12143,30029,类型,类型
12144,30024,类型,类型
12144,30007,类型,类型
12145,30024,类型,类型
12145,30007,类型,类型
12146,30024,类型,类型
12146,30009,类型,类型
12146,30029,类型,类型
12147,30002,类型,类型
12147,30024,类型,类型
12147,30004,类型,类型
12148,30024,类型,类型
12148,30007,类型,类型
12148,30004,类型,类型
12149,30016,类型,类型
12149,30024,类型,类型
12149,30007,类型,类型
12150,30024,类型,类型
12150,30029,类型,类型
12151,30024,类型,类型
12152,30024,类型,类型
12152,30007,类型,类型
12153,30024,类型,类型
12153,30007,类型,类型
12153,30004,类型,类型
12154,30024,类型,类型
12154,30004,类型,类型
12155,30024,类型,类型
12155,30004,类型,类型
12156,30002,类型,类型
12156,30024,类型,类型
12157,30024,类型,类型
12157,30007,类型,类型
12158,30024,类型,类型
12158,30021,类型,类型
12158,30010,类型,类型
12158,30029,类型,类型
12159,30024,类型,类型
12159,30007,类型,类型
12160,30002,类型,类型
12160,30024,类型,类型
12161,30024,类型,类型
12161,30007,类型,类型
12162,30024,类型,类型
12162,30007,类型,类型
12162,30004,类型,类型
12163,30024,类型,类型
12164,30024,类型,类型
12165,30024,类型,类型
12165,30007,类型,类型
